"Genus","BenchOrGenus","Phylum","Subphylum","Superclass","Class","Subclass","Infraclass","Superorder","Order","Suborder","Infraorder","Superfamily","Family","Subfamily","Tribe"
"Abedus.Belostoma","Neither","Arthropoda","Uniramia",NA,"Insecta","Pterygota","Neoptera","Hemipteroidea","Hemiptera","Heteroptera","","","Belostomatidae","Belostomatinae",""
"Ablabesmyia","Genus","Arthropoda","Uniramia",NA,"Insecta","Pterygota","Neoptera","Holometabola","Diptera","Nematocera","","","Chironomidae","Tanypodinae","Pentaneurini"
"Acentrella.Acerpenna.Amercaenis.Americabaetis.Anafroptilum.Anthopotamus.Apobaetis.Attenella.Baetis.Baetisca.Barbaetis.Brachycercus.Caenis.Callibaetis.Campsurus.Caudatella.Centroptilum.Choroterpes.Cinygma.Cinygmula.Cloe.Cloeon.Dannella.Dentatella.Diphetor.Drunella.Ecdyonurus.Ecdyurus.Epeorus.Ephemera.Ephemerella.Ephoron.Eurycaenis.Eurylophella.Euthyplocia.Fallceon.Habrophlebia.Habrophlebiodes.Heptagenia.Heterocloeon.Hexagenia.Iron.Ironodes.Iswaeon.Labiobaetis.Leptophlebia.Leucrocuta.Litobrancha.Maccaffertium.Matriella.Neochoroterpes.Nixe.Palingenia.Paracloeodes.Paraleptophlebia.Penelomax.Plauditus.Potamanthus.Procloeon.Pseudocloeon.Raptoheptagenia.Rhithrogena.Serratella.Sparbarus.Stenacron.Stenonema.Susperatus.Teloganopsis.Timpanoga.Tsalia","Neither","Arthropoda","Uniramia",NA,"Insecta","Pterygota","Paleoptera","","Ephemeroptera","Pisciforma","","","Baetidae","",""
"Acneus","Genus","Arthropoda","Uniramia",NA,"Insecta","Pterygota","Neoptera","Holometabola","Coleoptera","Polyphaga","","Dryopoidea","Psephenidae","",""
"Acricotopus","Genus","Arthropoda","Uniramia",NA,"Insecta","Pterygota","Neoptera","Holometabola","Diptera","Nematocera","","","Chironomidae","Orthocladiinae",""
"Acroneuria","Genus","Arthropoda","Uniramia",NA,"Insecta","Pterygota","Neoptera","Orthopterodea","Plecoptera","Systellognatha","","","Perlidae","Acroneuriinae","Acroneuriini"
"Aedes","Genus","Arthropoda","Uniramia",NA,"Insecta","Pterygota","Neoptera","Holometabola","Diptera","Nematocera","","","Culicidae","",""
"Aeshna.Rhionaeschna","Neither","Arthropoda","Uniramia",NA,"Insecta","Pterygota","Paleoptera","","Odonata","Anisoptera","","","Aeshnidae","",""
"Agabus","Genus","Arthropoda","Uniramia",NA,"Insecta","Pterygota","Neoptera","Holometabola","Coleoptera","Adephaga","","Caraboidea","Dytiscidae","Colymbetinae","Agabini"
"Agapetus","Genus","Arthropoda","Uniramia",NA,"Insecta","Pterygota","Neoptera","Holometabola","Trichoptera","Spicipalpia","","","Glossosomatidae","Agapetinae",""
"Agarodes","Genus","Arthropoda","Uniramia",NA,"Insecta","Pterygota","Neoptera","Holometabola","Trichoptera","Integripalpia","","Sericostomatoidea","Sericostomatidae","",""
"Agathon","Genus","Arthropoda","Uniramia",NA,"Insecta","Pterygota","Neoptera","Holometabola","Diptera","Nematocera","","","Blephariceridae","",""
"Agnetina.Paragnetina","Neither","Arthropoda","Uniramia",NA,"Insecta","Pterygota","Neoptera","Orthopterodea","Plecoptera","Systellognatha","","","Perlidae","Perlinae","Perlini"
"Agraylea","Genus","Arthropoda","Uniramia",NA,"Insecta","Pterygota","Neoptera","Holometabola","Trichoptera","Spicipalpia","","","Hydroptilidae","Hydroptilinae",""
"Allenhyphes.Asioplax.Homoleptohyphes.Leptohyphes.Tricorythodes.Vacupernius","Neither","Arthropoda","Uniramia",NA,"Insecta","Pterygota","Paleoptera","","Ephemeroptera","Furcatergalia","Pannota","Ephemerelloidea","Leptohyphidae","",""
"Allocapnia","Genus","Arthropoda","Uniramia",NA,"Insecta","Pterygota","Neoptera","Orthopterodea","Plecoptera","Euholognatha","","","Capniidae","Capniinae",""
"Allocosmoecus","Genus","Arthropoda","Uniramia",NA,"Insecta","Pterygota","Neoptera","Holometabola","Trichoptera","Integripalpia","","Limnephiloidea","Limnephilidae","Dicosmoecinae",""
"Allognosta","Genus","Arthropoda","Uniramia",NA,"Insecta","Pterygota","Neoptera","Holometabola","Diptera","Brachycera","","","Stratiomyidae","Beridinae",""
"Allomyia","Genus","Arthropoda","Uniramia",NA,"Insecta","Pterygota","Neoptera","Holometabola","Trichoptera","Integripalpia","","Limnephiloidea","Apataniidae","",""
"Alloperla","Genus","Arthropoda","Uniramia",NA,"Insecta","Pterygota","Neoptera","Orthopterodea","Plecoptera","Systellognatha","","","Chloroperlidae","Chloroperlinae",""
"Alotanypus","Genus","Arthropoda","Uniramia",NA,"Insecta","Pterygota","Neoptera","Holometabola","Diptera","Nematocera","","","Chironomidae","Tanypodinae","Macropelopiini"
"Ambrysus","Genus","Arthropoda","Uniramia",NA,"Insecta","Pterygota","Neoptera","Hemipteroidea","Hemiptera","Heteroptera","","","Naucoridae","Ambrysinae",""
"Ameletus","Genus","Arthropoda","Uniramia",NA,"Insecta","Pterygota","Paleoptera","","Ephemeroptera","Pisciforma","","","Ameletidae","",""
"Americorophium","Genus","Arthropoda","Crustacea",NA,"Malacostraca","Eumalacostraca","","Peracarida","Amphipoda","Gammaridea","","","Corophiidae","",""
"Ametor","Genus","Arthropoda","Uniramia",NA,"Insecta","Pterygota","Neoptera","Holometabola","Coleoptera","Polyphaga","","Hydrophiloidea","Hydrophilidae","",""
"Amiocentrus","Genus","Arthropoda","Uniramia",NA,"Insecta","Pterygota","Neoptera","Holometabola","Trichoptera","Integripalpia","","Limnephiloidea","Brachycentridae","",""
"Amphicosmoecus","Genus","Arthropoda","Uniramia",NA,"Insecta","Pterygota","Neoptera","Holometabola","Trichoptera","Integripalpia","","Limnephiloidea","Limnephilidae","Dicosmoecinae",""
"Amphinemura","Genus","Arthropoda","Uniramia",NA,"Insecta","Pterygota","Neoptera","Orthopterodea","Plecoptera","Euholognatha","","","Nemouridae","Amphinemurinae",""
"Ampumixis","Genus","Arthropoda","Uniramia",NA,"Insecta","Pterygota","Neoptera","Holometabola","Coleoptera","Polyphaga","","Dryopoidea","Elmidae","",""
"Anabolia","Genus","Arthropoda","Uniramia",NA,"Insecta","Pterygota","Neoptera","Holometabola","Trichoptera","Integripalpia","","Limnephiloidea","Limnephilidae","Limnephilinae",""
"Anacaena","Genus","Arthropoda","Uniramia",NA,"Insecta","Pterygota","Neoptera","Holometabola","Coleoptera","Polyphaga","","Hydrophiloidea","Hydrophilidae","",""
"Anagapetus","Genus","Arthropoda","Uniramia",NA,"Insecta","Pterygota","Neoptera","Holometabola","Trichoptera","Spicipalpia","","","Glossosomatidae","Glossosomatinae",""
"Anax","Genus","Arthropoda","Uniramia",NA,"Insecta","Pterygota","Paleoptera","","Odonata","Anisoptera","","","Aeshnidae","",""
"Anchytarsus","Genus","Arthropoda","Uniramia",NA,"Insecta","Pterygota","Neoptera","Holometabola","Coleoptera","Polyphaga","","Dryopoidea","Ptilodactylidae","",""
"Ancyronyx","Genus","Arthropoda","Uniramia",NA,"Insecta","Pterygota","Neoptera","Holometabola","Coleoptera","Polyphaga","","Dryopoidea","Elmidae","",""
"Anisocentropus","Genus","Arthropoda","Uniramia",NA,"Insecta","Pterygota","Neoptera","Holometabola","Trichoptera","Integripalpia","","Leptoceroidea","Calamoceratidae","",""
"Anopheles","Genus","Arthropoda","Uniramia",NA,"Insecta","Pterygota","Neoptera","Holometabola","Diptera","Nematocera","","","Culicidae","",""
"Antocha","Genus","Arthropoda","Uniramia",NA,"Insecta","Pterygota","Neoptera","Holometabola","Diptera","Nematocera","","","Tipulidae","Limoniinae",""
"Apatania","Genus","Arthropoda","Uniramia",NA,"Insecta","Pterygota","Neoptera","Holometabola","Trichoptera","Integripalpia","","Limnephiloidea","Apataniidae","",""
"Apocorophium","Genus","Arthropoda","Crustacea",NA,"Malacostraca","Eumalacostraca","","Peracarida","Amphipoda","Gammaridea","","","Corophiidae","",""
"Apsectrotanypus","Genus","Arthropoda","Uniramia",NA,"Insecta","Pterygota","Neoptera","Holometabola","Diptera","Nematocera","","","Chironomidae","Tanypodinae","Macropelopiini"
"Archilestes","Genus","Arthropoda","Uniramia",NA,"Insecta","Pterygota","Paleoptera","","Odonata","Zygoptera","","","Lestidae","",""
"Arctopsyche","Genus","Arthropoda","Uniramia",NA,"Insecta","Pterygota","Neoptera","Holometabola","Trichoptera","Annulipalpia","","Hydropsychoidea","Hydropsychidae","Arctopsychinae",""
"Argia","Genus","Arthropoda","Uniramia",NA,"Insecta","Pterygota","Paleoptera","","Odonata","Zygoptera","","","Coenagrionidae","",""
"Argulus","Genus","Arthropoda","Crustacea",NA,"Maxillopoda","","","","Arguloida","","","","Argulidae","",""
"Armiger.Gyraulus","Neither","Mollusca","",NA,"Gastropoda","Pulmonata","","","Basommatophora","","","","Planorbidae","",""
"Arrenurus","Genus","Arthropoda","Chelicerata",NA,"Arachnida","Acari","","Acariformes","Trombidiformes","Prostigmata","Hydrachnidia","","Arrenuridae","",""
"Atherix.Suragina","Neither","Arthropoda","Uniramia",NA,"Insecta","Pterygota","Neoptera","Holometabola","Diptera","Brachycera","","","Athericidae","",""
"Atopsyche","Genus","Arthropoda","Uniramia",NA,"Insecta","Pterygota","Neoptera","Holometabola","Trichoptera","Spicipalpia","","","Hydrobiosidae","",""
"Atractelmis","Genus","Arthropoda","Uniramia",NA,"Insecta","Pterygota","Neoptera","Holometabola","Coleoptera","Polyphaga","","Dryopoidea","Elmidae","",""
"Atractides","Genus","Arthropoda","Chelicerata",NA,"Arachnida","Acari","","Acariformes","Trombidiformes","Prostigmata","Hydrachnidia","","Hygrobatidae","",""
"Atrichopogon.Forcipomyia","Neither","Arthropoda","Uniramia",NA,"Insecta","Pterygota","Neoptera","Holometabola","Diptera","Nematocera","","","Ceratopogonidae","Forcipomyiinae",""
"Aturus","Genus","Arthropoda","Chelicerata",NA,"Arachnida","Acari","","Acariformes","Trombidiformes","Prostigmata","Hydrachnidia","","Aturidae","",""
"Aulodrilus","Genus","Annelida","Clitellata",NA,"Oligochaeta","","","","Tubificida","Tubificina","","Tubificoidea","Tubificidae","",""
"Axarus","Genus","Arthropoda","Uniramia",NA,"Insecta","Pterygota","Neoptera","Holometabola","Diptera","Nematocera","","","Chironomidae","Chironominae","Chironomini"
"Baetodes","Genus","Arthropoda","Uniramia",NA,"Insecta","Pterygota","Paleoptera","","Ephemeroptera","Pisciforma","","","Baetidae","",""
"Beardius","Genus","Arthropoda","Uniramia",NA,"Insecta","Pterygota","Neoptera","Holometabola","Diptera","Nematocera","","","Chironomidae","Chironominae","Chironomini"
"Berosus","Genus","Arthropoda","Uniramia",NA,"Insecta","Pterygota","Neoptera","Holometabola","Coleoptera","Polyphaga","","Hydrophiloidea","Hydrophilidae","",""
"Bethbilbeckia","Genus","Arthropoda","Uniramia",NA,"Insecta","Pterygota","Neoptera","Holometabola","Diptera","Nematocera","","","Chironomidae","Tanypodinae","Macropelopiini"
"Bezzia.Palpomyia","Neither","Arthropoda","Uniramia",NA,"Insecta","Pterygota","Neoptera","Holometabola","Diptera","Nematocera","","","Ceratopogonidae","Ceratopogoninae",""
"Bibiocephala","Genus","Arthropoda","Uniramia",NA,"Insecta","Pterygota","Neoptera","Holometabola","Diptera","Nematocera","","","Blephariceridae","",""
"Biomphalaria","Genus","Mollusca","",NA,"Gastropoda","Pulmonata","","","Basommatophora","","","","Planorbidae","",""
"Blepharicera","Genus","Arthropoda","Uniramia",NA,"Insecta","Pterygota","Neoptera","Holometabola","Diptera","Nematocera","","","Blephariceridae","",""
"Boreochlus","Genus","Arthropoda","Uniramia",NA,"Insecta","Pterygota","Neoptera","Holometabola","Diptera","Nematocera","","","Chironomidae","Podonominae","Boreochlini"
"Boreoheptagyia","Genus","Arthropoda","Uniramia",NA,"Insecta","Pterygota","Neoptera","Holometabola","Diptera","Nematocera","","","Chironomidae","Diamesinae","Boreoheptagyiini"
"Boyeria","Genus","Arthropoda","Uniramia",NA,"Insecta","Pterygota","Paleoptera","","Odonata","Anisoptera","","","Aeshnidae","",""
"Brachycentrus","Genus","Arthropoda","Uniramia",NA,"Insecta","Pterygota","Neoptera","Holometabola","Trichoptera","Integripalpia","","Limnephiloidea","Brachycentridae","",""
"Branchiura","Genus","Annelida","Clitellata",NA,"Oligochaeta","","","","Tubificida","Tubificina","","Tubificoidea","Tubificidae","",""
"Bratislavia","Genus","Annelida","Clitellata",NA,"Oligochaeta","","","","Tubificida","Tubificina","","Tubificoidea","Naididae","",""
"Brechmorhoga","Genus","Arthropoda","Uniramia",NA,"Insecta","Pterygota","Paleoptera","","Odonata","Anisoptera","","","Libellulidae","",""
"Brillia","Genus","Arthropoda","Uniramia",NA,"Insecta","Pterygota","Neoptera","Holometabola","Diptera","Nematocera","","","Chironomidae","Orthocladiinae",""
"Brundiniella","Genus","Arthropoda","Uniramia",NA,"Insecta","Pterygota","Neoptera","Holometabola","Diptera","Nematocera","","","Chironomidae","Tanypodinae","Macropelopiini"
"Brychius","Genus","Arthropoda","Uniramia",NA,"Insecta","Pterygota","Neoptera","Holometabola","Coleoptera","Adephaga","","Caraboidea","Haliplidae","",""
"Bryophaenocladius.Gymnometriocnemus","Neither","Arthropoda","Uniramia",NA,"Insecta","Pterygota","Neoptera","Holometabola","Diptera","Nematocera","","","Chironomidae","Orthocladiinae",""
"Caecidotea","Genus","Arthropoda","Crustacea",NA,"Malacostraca","Eumalacostraca","","Peracarida","Isopoda","Asellota","","","Asellidae","",""
"Calineuria","Genus","Arthropoda","Uniramia",NA,"Insecta","Pterygota","Neoptera","Orthopterodea","Plecoptera","Systellognatha","","","Perlidae","Acroneuriinae","Acroneuriini"
"Caloparyphus.Euparyphus","Neither","Arthropoda","Uniramia",NA,"Insecta","Pterygota","Neoptera","Holometabola","Diptera","Brachycera","","","Stratiomyidae","Stratiomyinae",""
"Calopteryx","Genus","Arthropoda","Uniramia",NA,"Insecta","Pterygota","Paleoptera","","Odonata","Zygoptera","","","Calopterygidae","",""
"Cambarellus","Genus","Arthropoda","Crustacea",NA,"Malacostraca","Eumalacostraca","","Eucarida","Decapoda","Pleocyemata","Astacidea","","Cambaridae","Cambarellinae",""
"Cambarus","Genus","Arthropoda","Crustacea",NA,"Malacostraca","Eumalacostraca","","Eucarida","Decapoda","Pleocyemata","Astacidea","","Cambaridae","Cambarinae",""
"Camelobaetidius","Genus","Arthropoda","Uniramia",NA,"Insecta","Pterygota","Paleoptera","","Ephemeroptera","Pisciforma","","","Baetidae","",""
"Campeloma","Genus","Mollusca","",NA,"Gastropoda","Prosobranchia","","","Mesogastropoda","","","Ampullarioidea","Viviparidae","",""
"Cardiocladius.Eukiefferiella.Tvetenia","Neither","Arthropoda","Uniramia",NA,"Insecta","Pterygota","Neoptera","Holometabola","Diptera","Nematocera","","","Chironomidae","Orthocladiinae",""
"Celina","Genus","Arthropoda","Uniramia",NA,"Insecta","Pterygota","Neoptera","Holometabola","Coleoptera","Adephaga","","Caraboidea","Dytiscidae","Methilinae","Celinini"
"Ceraclea","Genus","Arthropoda","Uniramia",NA,"Insecta","Pterygota","Neoptera","Holometabola","Trichoptera","Integripalpia","","Leptoceroidea","Leptoceridae","Leptocerinae",""
"Ceratopogon","Genus","Arthropoda","Uniramia",NA,"Insecta","Pterygota","Neoptera","Holometabola","Diptera","Nematocera","","","Ceratopogonidae","Ceratopogoninae",""
"Ceratopsyche.Hydropsyche","Neither","Arthropoda","Uniramia",NA,"Insecta","Pterygota","Neoptera","Holometabola","Trichoptera","Annulipalpia","","Hydropsychoidea","Hydropsychidae","Hydropsychinae",""
"Cercobrachys","Genus","Arthropoda","Uniramia",NA,"Insecta","Pterygota","Paleoptera","","Ephemeroptera","Furcatergalia","Pannota","Caenoidea","Caenidae","",""
"Cernotina","Genus","Arthropoda","Uniramia",NA,"Insecta","Pterygota","Neoptera","Holometabola","Trichoptera","Annulipalpia","","Hydropsychoidea","Polycentropodidae","Polycentropodinae",""
"Chaetocladius","Genus","Arthropoda","Uniramia",NA,"Insecta","Pterygota","Neoptera","Holometabola","Diptera","Nematocera","","","Chironomidae","Orthocladiinae",""
"Chaetogaster","Genus","Annelida","Clitellata",NA,"Oligochaeta","","","","Tubificida","Tubificina","","Tubificoidea","Naididae","",""
"Chaoborus","Genus","Arthropoda","Uniramia",NA,"Insecta","Pterygota","Neoptera","Holometabola","Diptera","Nematocera","","","Chaoboridae","",""
"Chauliodes","Genus","Arthropoda","Uniramia",NA,"Insecta","Pterygota","Neoptera","Holometabola","Megaloptera","","","","Corydalidae","Chauliodinae",""
"Chelifera.Metachela","Neither","Arthropoda","Uniramia",NA,"Insecta","Pterygota","Neoptera","Holometabola","Diptera","Brachycera","","","Empididae","Hemerodromiinae",""
"Chernovskiia","Genus","Arthropoda","Uniramia",NA,"Insecta","Pterygota","Neoptera","Holometabola","Diptera","Nematocera","","","Chironomidae","Chironominae","Chironomini"
"Cheumatopsyche","Genus","Arthropoda","Uniramia",NA,"Insecta","Pterygota","Neoptera","Holometabola","Trichoptera","Annulipalpia","","Hydropsychoidea","Hydropsychidae","Hydropsychinae",""
"Chimarra","Genus","Arthropoda","Uniramia",NA,"Insecta","Pterygota","Neoptera","Holometabola","Trichoptera","Annulipalpia","","Philopotamoidea","Philopotamidae","Chimarrinae",""
"Chironomus.Einfeldia.Glyptotendipes","Neither","Arthropoda","Uniramia",NA,"Insecta","Pterygota","Neoptera","Holometabola","Diptera","Nematocera","","","Chironomidae","Chironominae","Chironomini"
"Chlorotabanus","Genus","Arthropoda","Uniramia",NA,"Insecta","Pterygota","Neoptera","Holometabola","Diptera","Brachycera","","","Tabanidae","",""
"Chrysops.Silvius","Neither","Arthropoda","Uniramia",NA,"Insecta","Pterygota","Neoptera","Holometabola","Diptera","Brachycera","","","Tabanidae","",""
"Claassenia","Genus","Arthropoda","Uniramia",NA,"Insecta","Pterygota","Neoptera","Orthopterodea","Plecoptera","Systellognatha","","","Perlidae","Perlinae","Perlini"
"Cladopelma","Genus","Arthropoda","Uniramia",NA,"Insecta","Pterygota","Neoptera","Holometabola","Diptera","Nematocera","","","Chironomidae","Chironominae","Chironomini"
"Cladotanytarsus","Genus","Arthropoda","Uniramia",NA,"Insecta","Pterygota","Neoptera","Holometabola","Diptera","Nematocera","","","Chironomidae","Chironominae","Tanytarsini"
"Clathrosperchon","Genus","Arthropoda","Chelicerata",NA,"Arachnida","Acari","","Acariformes","Trombidiformes","Prostigmata","Hydrachnidia","","Hydryphantidae","",""
"Cleptelmis","Genus","Arthropoda","Uniramia",NA,"Insecta","Pterygota","Neoptera","Holometabola","Coleoptera","Polyphaga","","Dryopoidea","Elmidae","",""
"Climacia","Genus","Arthropoda","Uniramia",NA,"Insecta","Pterygota","Neoptera","Holometabola","Neuroptera","","","","Sisyridae","",""
"Clinocera.Trichoclinocera","Neither","Arthropoda","Uniramia",NA,"Insecta","Pterygota","Neoptera","Holometabola","Diptera","Brachycera","","","Empididae","Clinocerinae",""
"Clinotanypus","Genus","Arthropoda","Uniramia",NA,"Insecta","Pterygota","Neoptera","Holometabola","Diptera","Nematocera","","","Chironomidae","Tanypodinae","Coelotanypodini"
"Cloeodes","Genus","Arthropoda","Uniramia",NA,"Insecta","Pterygota","Paleoptera","","Ephemeroptera","Pisciforma","","","Baetidae","",""
"Cnephia","Genus","Arthropoda","Uniramia",NA,"Insecta","Pterygota","Neoptera","Holometabola","Diptera","Nematocera","","","Simuliidae","",""
"Coelotanypus","Genus","Arthropoda","Uniramia",NA,"Insecta","Pterygota","Neoptera","Holometabola","Diptera","Nematocera","","","Chironomidae","Tanypodinae","Coelotanypodini"
"Coenagrion.Enallagma","Neither","Arthropoda","Uniramia",NA,"Insecta","Pterygota","Paleoptera","","Odonata","Zygoptera","","","Coenagrionidae","",""
"Conchapelopia","Genus","Arthropoda","Uniramia",NA,"Insecta","Pterygota","Neoptera","Holometabola","Diptera","Nematocera","","","Chironomidae","Tanypodinae","Pentaneurini"
"Constempellina","Genus","Arthropoda","Uniramia",NA,"Insecta","Pterygota","Neoptera","Holometabola","Diptera","Nematocera","","","Chironomidae","Chironominae","Tanytarsini"
"Copelatus","Genus","Arthropoda","Uniramia",NA,"Insecta","Pterygota","Neoptera","Holometabola","Coleoptera","Adephaga","","Caraboidea","Dytiscidae","Colymbetinae","Copelatini"
"Coptotomus","Genus","Arthropoda","Uniramia",NA,"Insecta","Pterygota","Neoptera","Holometabola","Coleoptera","Adephaga","","Caraboidea","Dytiscidae","Colymbetinae","Coptotomini"
"Corbicula","Genus","Mollusca","",NA,"Bivalvia","Lamellibranchia","","Eulamellibranchia","Veneroida","","","Corbiculoidea","Corbiculidae","",""
"Cordulegaster","Genus","Arthropoda","Uniramia",NA,"Insecta","Pterygota","Paleoptera","","Odonata","Anisoptera","","","Cordulegastridae","",""
"Corydalus","Genus","Arthropoda","Uniramia",NA,"Insecta","Pterygota","Neoptera","Holometabola","Megaloptera","","","","Corydalidae","Corydalinae",""
"Corynoneura.Thienemanniella","Neither","Arthropoda","Uniramia",NA,"Insecta","Pterygota","Neoptera","Holometabola","Diptera","Nematocera","","","Chironomidae","Orthocladiinae",""
"Crambus","Genus","Arthropoda","Uniramia",NA,"Insecta","Pterygota","Neoptera","Holometabola","Lepidoptera","","","","Crambidae","Crambinae",""
"Crangonyx","Genus","Arthropoda","Crustacea",NA,"Malacostraca","Eumalacostraca","","Peracarida","Amphipoda","Gammaridea","","","Crangonyctidae","",""
"Crenitis","Genus","Arthropoda","Uniramia",NA,"Insecta","Pterygota","Neoptera","Holometabola","Coleoptera","Polyphaga","","Hydrophiloidea","Hydrophilidae","",""
"Cricotopus.Orthocladius","Neither","Arthropoda","Uniramia",NA,"Insecta","Pterygota","Neoptera","Holometabola","Diptera","Nematocera","","","Chironomidae","Orthocladiinae",""
"Cryptochironomus","Genus","Arthropoda","Uniramia",NA,"Insecta","Pterygota","Neoptera","Holometabola","Diptera","Nematocera","","","Chironomidae","Chironominae","Chironomini"
"Cryptotendipes","Genus","Arthropoda","Uniramia",NA,"Insecta","Pterygota","Neoptera","Holometabola","Diptera","Nematocera","","","Chironomidae","Chironominae","Chironomini"
"Culex","Genus","Arthropoda","Uniramia",NA,"Insecta","Pterygota","Neoptera","Holometabola","Diptera","Nematocera","","","Culicidae","",""
"Culicoides","Genus","Arthropoda","Uniramia",NA,"Insecta","Pterygota","Neoptera","Holometabola","Diptera","Nematocera","","","Ceratopogonidae","Ceratopogoninae",""
"Culiseta","Genus","Arthropoda","Uniramia",NA,"Insecta","Pterygota","Neoptera","Holometabola","Diptera","Nematocera","","","Culicidae","",""
"Culoptila.Protoptila","Neither","Arthropoda","Uniramia",NA,"Insecta","Pterygota","Neoptera","Holometabola","Trichoptera","Spicipalpia","","","Glossosomatidae","Protoptilinae",""
"Cultus","Genus","Arthropoda","Uniramia",NA,"Insecta","Pterygota","Neoptera","Orthopterodea","Plecoptera","Systellognatha","","","Perlodidae","Perlodinae","Diploperlini"
"Cyathura","Genus","Arthropoda","Crustacea",NA,"Malacostraca","Eumalacostraca","","Peracarida","Isopoda","Anthuridea","","","Anthuridae","",""
"Cylloepus","Genus","Arthropoda","Uniramia",NA,"Insecta","Pterygota","Neoptera","Holometabola","Coleoptera","Polyphaga","","Dryopoidea","Elmidae","",""
"Cymbiodyta","Genus","Arthropoda","Uniramia",NA,"Insecta","Pterygota","Neoptera","Holometabola","Coleoptera","Polyphaga","","Hydrophiloidea","Hydrophilidae","",""
"Cyphomella","Genus","Arthropoda","Uniramia",NA,"Insecta","Pterygota","Neoptera","Holometabola","Diptera","Nematocera","","","Chironomidae","Chironominae","Chironomini"
"Cyrnellus","Genus","Arthropoda","Uniramia",NA,"Insecta","Pterygota","Neoptera","Holometabola","Trichoptera","Annulipalpia","","Hydropsychoidea","Polycentropodidae","Polycentropodinae",""
"Dasyhelea","Genus","Arthropoda","Uniramia",NA,"Insecta","Pterygota","Neoptera","Holometabola","Diptera","Nematocera","","","Ceratopogonidae","Dasyheleinae",""
"Demicryptochironomus","Genus","Arthropoda","Uniramia",NA,"Insecta","Pterygota","Neoptera","Holometabola","Diptera","Nematocera","","","Chironomidae","Chironominae","Chironomini"
"Dero","Genus","Annelida","Clitellata",NA,"Oligochaeta","","","","Tubificida","Tubificina","","Tubificoidea","Naididae","",""
"Derotanypus","Genus","Arthropoda","Uniramia",NA,"Insecta","Pterygota","Neoptera","Holometabola","Diptera","Nematocera","","","Chironomidae","Tanypodinae","Macropelopiini"
"Desmopachria","Genus","Arthropoda","Uniramia",NA,"Insecta","Pterygota","Neoptera","Holometabola","Coleoptera","Adephaga","","Caraboidea","Dytiscidae","Hydroporinae","Hyphydrini"
"Despaxia","Genus","Arthropoda","Uniramia",NA,"Insecta","Pterygota","Neoptera","Orthopterodea","Plecoptera","Euholognatha","","","Leuctridae","Leuctrinae",""
"Deuterophlebia","Genus","Arthropoda","Uniramia",NA,"Insecta","Pterygota","Neoptera","Holometabola","Diptera","Nematocera","","","Deuterophlebiidae","",""
"Diamesa","Genus","Arthropoda","Uniramia",NA,"Insecta","Pterygota","Neoptera","Holometabola","Diptera","Nematocera","","","Chironomidae","Diamesinae","Diamesini"
"Dibusa","Genus","Arthropoda","Uniramia",NA,"Insecta","Pterygota","Neoptera","Holometabola","Trichoptera","Spicipalpia","","","Hydroptilidae","Hydroptilinae",""
"Dicosmoecus","Genus","Arthropoda","Uniramia",NA,"Insecta","Pterygota","Neoptera","Holometabola","Trichoptera","Integripalpia","","Limnephiloidea","Limnephilidae","Dicosmoecinae",""
"Dicranota","Genus","Arthropoda","Uniramia",NA,"Insecta","Pterygota","Neoptera","Holometabola","Diptera","Nematocera","","","Tipulidae","Limoniinae",""
"Dicrotendipes","Genus","Arthropoda","Uniramia",NA,"Insecta","Pterygota","Neoptera","Holometabola","Diptera","Nematocera","","","Chironomidae","Chironominae","Chironomini"
"Dineutus","Genus","Arthropoda","Uniramia",NA,"Insecta","Pterygota","Neoptera","Holometabola","Coleoptera","Adephaga","","Caraboidea","Gyrinidae","",""
"Diplectrona","Genus","Arthropoda","Uniramia",NA,"Insecta","Pterygota","Neoptera","Holometabola","Trichoptera","Annulipalpia","","Hydropsychoidea","Hydropsychidae","Diplectroninae",""
"Diplocladius","Genus","Arthropoda","Uniramia",NA,"Insecta","Pterygota","Neoptera","Holometabola","Diptera","Nematocera","","","Chironomidae","Orthocladiinae",""
"Diploperla","Genus","Arthropoda","Uniramia",NA,"Insecta","Pterygota","Neoptera","Orthopterodea","Plecoptera","Systellognatha","","","Perlodidae","Perlodinae","Diploperlini"
"Dixa","Genus","Arthropoda","Uniramia",NA,"Insecta","Pterygota","Neoptera","Holometabola","Diptera","Nematocera","","","Dixidae","",""
"Dixella","Genus","Arthropoda","Uniramia",NA,"Insecta","Pterygota","Neoptera","Holometabola","Diptera","Nematocera","","","Dixidae","",""
"Djalmabatista","Genus","Arthropoda","Uniramia",NA,"Insecta","Pterygota","Neoptera","Holometabola","Diptera","Nematocera","","","Chironomidae","Tanypodinae","Procladiini"
"Dolophilodes","Genus","Arthropoda","Uniramia",NA,"Insecta","Pterygota","Neoptera","Holometabola","Trichoptera","Annulipalpia","","Philopotamoidea","Philopotamidae","Philopotaminae",""
"Doroneuria","Genus","Arthropoda","Uniramia",NA,"Insecta","Pterygota","Neoptera","Orthopterodea","Plecoptera","Systellognatha","","","Perlidae","Acroneuriinae","Acroneuriini"
"Dromogomphus","Genus","Arthropoda","Uniramia",NA,"Insecta","Pterygota","Paleoptera","","Odonata","Anisoptera","","","Gomphidae","",""
"Dubiraphia","Genus","Arthropoda","Uniramia",NA,"Insecta","Pterygota","Neoptera","Holometabola","Coleoptera","Polyphaga","","Dryopoidea","Elmidae","",""
"Ecclisocosmoecus","Genus","Arthropoda","Uniramia",NA,"Insecta","Pterygota","Neoptera","Holometabola","Trichoptera","Integripalpia","","Limnephiloidea","Limnephilidae","Dicosmoecinae",""
"Ecclisomyia","Genus","Arthropoda","Uniramia",NA,"Insecta","Pterygota","Neoptera","Holometabola","Trichoptera","Integripalpia","","Limnephiloidea","Limnephilidae","Dicosmoecinae",""
"Ectemnia","Genus","Arthropoda","Uniramia",NA,"Insecta","Pterygota","Neoptera","Holometabola","Diptera","Nematocera","","","Simuliidae","",""
"Ectopria","Genus","Arthropoda","Uniramia",NA,"Insecta","Pterygota","Neoptera","Holometabola","Coleoptera","Polyphaga","","Dryopoidea","Psephenidae","",""
"Elimia.Pleurocera","Neither","Mollusca","",NA,"Gastropoda","Prosobranchia","","","Mesogastropoda","","","Vermetoidea","Pleuroceridae","",""
"Endochironomus","Genus","Arthropoda","Uniramia",NA,"Insecta","Pterygota","Neoptera","Holometabola","Diptera","Nematocera","","","Chironomidae","Chironominae","Chironomini"
"Endotribelos","Genus","Arthropoda","Uniramia",NA,"Insecta","Pterygota","Neoptera","Holometabola","Diptera","Nematocera","","","Chironomidae","Chironominae","Chironomini"
"Enochrus","Genus","Arthropoda","Uniramia",NA,"Insecta","Pterygota","Neoptera","Holometabola","Coleoptera","Polyphaga","","Hydrophiloidea","Hydrophilidae","",""
"Ephydra","Genus","Arthropoda","Uniramia",NA,"Insecta","Pterygota","Neoptera","Holometabola","Diptera","Brachycera","","","Ephydridae","",""
"Epitheca","Genus","Arthropoda","Uniramia",NA,"Insecta","Pterygota","Paleoptera","","Odonata","Anisoptera","","","Corduliidae","",""
"Epoicocladius","Genus","Arthropoda","Uniramia",NA,"Insecta","Pterygota","Neoptera","Holometabola","Diptera","Nematocera","","","Chironomidae","Orthocladiinae",""
"Erioptera","Genus","Arthropoda","Uniramia",NA,"Insecta","Pterygota","Neoptera","Holometabola","Diptera","Nematocera","","","Tipulidae","Limoniinae",""
"Erpetogomphus.Ophiogomphus","Neither","Arthropoda","Uniramia",NA,"Insecta","Pterygota","Paleoptera","","Odonata","Anisoptera","","","Gomphidae","",""
"Erpobdella","Genus","Annelida","Clitellata",NA,"Hirudinea","","","","Arhynchobdellida","","","","Erpobdellidae","",""
"Erythemis","Genus","Arthropoda","Uniramia",NA,"Insecta","Pterygota","Paleoptera","","Odonata","Anisoptera","","","Libellulidae","",""
"Eubrianax","Genus","Arthropoda","Uniramia",NA,"Insecta","Pterygota","Neoptera","Holometabola","Coleoptera","Polyphaga","","Dryopoidea","Psephenidae","",""
"Eucapnopsis","Genus","Arthropoda","Uniramia",NA,"Insecta","Pterygota","Neoptera","Orthopterodea","Plecoptera","Euholognatha","","","Capniidae","Capniinae",""
"Eupera","Genus","Mollusca","",NA,"Bivalvia","Lamellibranchia","","Eulamellibranchia","Veneroida","","","Corbiculoidea","Sphaeriidae","Euperinae",""
"Euryhapsis","Genus","Arthropoda","Uniramia",NA,"Insecta","Pterygota","Neoptera","Holometabola","Diptera","Nematocera","","","Chironomidae","Orthocladiinae",""
"Eylais","Genus","Arthropoda","Chelicerata",NA,"Arachnida","Acari","","Acariformes","Trombidiformes","Prostigmata","Hydrachnidia","","Eylaidae","",""
"Farrodes","Genus","Arthropoda","Uniramia",NA,"Insecta","Pterygota","Paleoptera","","Ephemeroptera","Furcatergalia","Lanceolata","","Leptophlebiidae","",""
"Feltria","Genus","Arthropoda","Chelicerata",NA,"Arachnida","Acari","","Acariformes","Trombidiformes","Prostigmata","Hydrachnidia","","Feltriidae","",""
"Ferrissia","Genus","Mollusca","",NA,"Gastropoda","Pulmonata","","","Basommatophora","","","","Ancylidae","",""
"Fittkauimyia","Genus","Arthropoda","Uniramia",NA,"Insecta","Pterygota","Neoptera","Holometabola","Diptera","Nematocera","","","Chironomidae","Tanypodinae","Macropelopiini"
"Fossaria.Stagnicola","Neither","Mollusca","",NA,"Gastropoda","Pulmonata","","","Basommatophora","","","","Lymnaeidae","Lymnaeinae",""
"Gammarus","Genus","Arthropoda","Crustacea",NA,"Malacostraca","Eumalacostraca","","Peracarida","Amphipoda","Gammaridea","","","Gammaridae","",""
"Gerris","Genus","Arthropoda","Uniramia",NA,"Insecta","Pterygota","Neoptera","Hemipteroidea","Hemiptera","Heteroptera","","","Gerridae","Gerrinae",""
"Glossiphonia","Genus","Annelida","Clitellata",NA,"Hirudinea","","","","Rhynchobdellida","","","","Glossiphoniidae","",""
"Glossosoma","Genus","Arthropoda","Uniramia",NA,"Insecta","Pterygota","Neoptera","Holometabola","Trichoptera","Spicipalpia","","","Glossosomatidae","Glossosomatinae",""
"Glutops","Genus","Arthropoda","Uniramia",NA,"Insecta","Pterygota","Neoptera","Holometabola","Diptera","Brachycera","","","Pelecorhynchidae","",""
"Goeldichironomus","Genus","Arthropoda","Uniramia",NA,"Insecta","Pterygota","Neoptera","Holometabola","Diptera","Nematocera","","","Chironomidae","Chironominae","Chironomini"
"Goera","Genus","Arthropoda","Uniramia",NA,"Insecta","Pterygota","Neoptera","Holometabola","Trichoptera","Integripalpia","","Limnephiloidea","Goeridae","Goerinae",""
"Gomphus","Genus","Arthropoda","Uniramia",NA,"Insecta","Pterygota","Paleoptera","","Odonata","Anisoptera","","","Gomphidae","",""
"Gonielmis","Genus","Arthropoda","Uniramia",NA,"Insecta","Pterygota","Neoptera","Holometabola","Coleoptera","Polyphaga","","Dryopoidea","Elmidae","",""
"Grammotaulius","Genus","Arthropoda","Uniramia",NA,"Insecta","Pterygota","Neoptera","Holometabola","Trichoptera","Integripalpia","","Limnephiloidea","Limnephilidae","Limnephilinae",""
"Graptocorixa","Genus","Arthropoda","Uniramia",NA,"Insecta","Pterygota","Neoptera","Hemipteroidea","Hemiptera","Heteroptera","","","Corixidae","Corixinae","Graptocorixini"
"Gumaga","Genus","Arthropoda","Uniramia",NA,"Insecta","Pterygota","Neoptera","Holometabola","Trichoptera","Integripalpia","","Sericostomatoidea","Sericostomatidae","",""
"Guttipelopia","Genus","Arthropoda","Uniramia",NA,"Insecta","Pterygota","Neoptera","Holometabola","Diptera","Nematocera","","","Chironomidae","Tanypodinae","Pentaneurini"
"Gymnochthebius","Genus","Arthropoda","Uniramia",NA,"Insecta","Pterygota","Neoptera","Holometabola","Coleoptera","Polyphaga","","Staphylinoidea","Hydraenidae","",""
"Gyretes","Genus","Arthropoda","Uniramia",NA,"Insecta","Pterygota","Neoptera","Holometabola","Coleoptera","Adephaga","","Caraboidea","Gyrinidae","",""
"Gyrinus","Genus","Arthropoda","Uniramia",NA,"Insecta","Pterygota","Neoptera","Holometabola","Coleoptera","Adephaga","","Caraboidea","Gyrinidae","",""
"Hagenius","Genus","Arthropoda","Uniramia",NA,"Insecta","Pterygota","Paleoptera","","Odonata","Anisoptera","","","Gomphidae","",""
"Haliplus","Genus","Arthropoda","Uniramia",NA,"Insecta","Pterygota","Neoptera","Holometabola","Coleoptera","Adephaga","","Caraboidea","Haliplidae","",""
"Haploperla","Genus","Arthropoda","Uniramia",NA,"Insecta","Pterygota","Neoptera","Orthopterodea","Plecoptera","Systellognatha","","","Chloroperlidae","Chloroperlinae",""
"Haplotaxis","Genus","Annelida","Clitellata",NA,"Oligochaeta","","","","Haplotaxida","Haplotaxina","","","Haplotaxidae","",""
"Harnischia","Genus","Arthropoda","Uniramia",NA,"Insecta","Pterygota","Neoptera","Holometabola","Diptera","Nematocera","","","Chironomidae","Chironominae","Chironomini"
"Hebetoncylus","Genus","Mollusca","",NA,"Gastropoda","Pulmonata","","","Basommatophora","","","","Ancylidae","",""
"Hebrus","Genus","Arthropoda","Uniramia",NA,"Insecta","Pterygota","Neoptera","Hemipteroidea","Hemiptera","Heteroptera","","","Hebridae","Hebrinae",""
"Hedriodiscus.Odontomyia","Neither","Arthropoda","Uniramia",NA,"Insecta","Pterygota","Neoptera","Holometabola","Diptera","Brachycera","","","Stratiomyidae","Stratiomyinae",""
"Heleniella","Genus","Arthropoda","Uniramia",NA,"Insecta","Pterygota","Neoptera","Holometabola","Diptera","Nematocera","","","Chironomidae","Orthocladiinae",""
"Helichus","Genus","Arthropoda","Uniramia",NA,"Insecta","Pterygota","Neoptera","Holometabola","Coleoptera","Polyphaga","","Dryopoidea","Dryopidae","",""
"Helicopsyche","Genus","Arthropoda","Uniramia",NA,"Insecta","Pterygota","Neoptera","Holometabola","Trichoptera","Integripalpia","","Sericostomatoidea","Helicopsychidae","",""
"Helisoma","Genus","Mollusca","",NA,"Gastropoda","Pulmonata","","","Basommatophora","","","","Planorbidae","",""
"Helius","Genus","Arthropoda","Uniramia",NA,"Insecta","Pterygota","Neoptera","Holometabola","Diptera","Nematocera","","","Tipulidae","Limoniinae",""
"Helobdella","Genus","Annelida","Clitellata",NA,"Hirudinea","","","","Rhynchobdellida","","","","Glossiphoniidae","",""
"Helochares","Genus","Arthropoda","Uniramia",NA,"Insecta","Pterygota","Neoptera","Holometabola","Coleoptera","Polyphaga","","Hydrophiloidea","Hydrophilidae","",""
"Helodon.Prosimulium","Neither","Arthropoda","Uniramia",NA,"Insecta","Pterygota","Neoptera","Holometabola","Diptera","Nematocera","","","Simuliidae","",""
"Helophorus","Genus","Arthropoda","Uniramia",NA,"Insecta","Pterygota","Neoptera","Holometabola","Coleoptera","Polyphaga","","Hydrophiloidea","Helophoridae","",""
"Hemerodromia","Genus","Arthropoda","Uniramia",NA,"Insecta","Pterygota","Neoptera","Holometabola","Diptera","Brachycera","","","Empididae","Hemerodromiinae",""
"Hesperoconopa","Genus","Arthropoda","Uniramia",NA,"Insecta","Pterygota","Neoptera","Holometabola","Diptera","Nematocera","","","Tipulidae","Limoniinae",""
"Hesperocorixa","Genus","Arthropoda","Uniramia",NA,"Insecta","Pterygota","Neoptera","Hemipteroidea","Hemiptera","Heteroptera","","","Corixidae","Corixinae","Corixini"
"Hesperoperla","Genus","Arthropoda","Uniramia",NA,"Insecta","Pterygota","Neoptera","Orthopterodea","Plecoptera","Systellognatha","","","Perlidae","Acroneuriinae","Acroneuriini"
"Hesperophylax","Genus","Arthropoda","Uniramia",NA,"Insecta","Pterygota","Neoptera","Holometabola","Trichoptera","Integripalpia","","Limnephiloidea","Limnephilidae","Limnephilinae",""
"Hetaerina","Genus","Arthropoda","Uniramia",NA,"Insecta","Pterygota","Paleoptera","","Odonata","Zygoptera","","","Calopterygidae","",""
"Heterelmis","Genus","Arthropoda","Uniramia",NA,"Insecta","Pterygota","Neoptera","Holometabola","Coleoptera","Polyphaga","","Dryopoidea","Elmidae","",""
"Heterlimnius","Genus","Arthropoda","Uniramia",NA,"Insecta","Pterygota","Neoptera","Holometabola","Coleoptera","Polyphaga","","Dryopoidea","Elmidae","",""
"Heteroplectron","Genus","Arthropoda","Uniramia",NA,"Insecta","Pterygota","Neoptera","Holometabola","Trichoptera","Integripalpia","","Leptoceroidea","Calamoceratidae","",""
"Heterotanytarsus","Genus","Arthropoda","Uniramia",NA,"Insecta","Pterygota","Neoptera","Holometabola","Diptera","Nematocera","","","Chironomidae","Orthocladiinae",""
"Heterotrissocladius","Genus","Arthropoda","Uniramia",NA,"Insecta","Pterygota","Neoptera","Holometabola","Diptera","Nematocera","","","Chironomidae","Orthocladiinae",""
"Hexacylloepus","Genus","Arthropoda","Uniramia",NA,"Insecta","Pterygota","Neoptera","Holometabola","Coleoptera","Polyphaga","","Dryopoidea","Elmidae","",""
"Hexatoma","Genus","Arthropoda","Uniramia",NA,"Insecta","Pterygota","Neoptera","Holometabola","Diptera","Nematocera","","","Tipulidae","Limoniinae",""
"Homoeoneuria","Genus","Arthropoda","Uniramia",NA,"Insecta","Pterygota","Paleoptera","","Ephemeroptera","Setisura","","","Oligoneuriidae","",""
"Hudsonimyia","Genus","Arthropoda","Uniramia",NA,"Insecta","Pterygota","Neoptera","Holometabola","Diptera","Nematocera","","","Chironomidae","Tanypodinae","Pentaneurini"
"Hyalella","Genus","Arthropoda","Crustacea",NA,"Malacostraca","Eumalacostraca","","Peracarida","Amphipoda","Gammaridea","","","Hyalellidae","",""
"Hybomitra","Genus","Arthropoda","Uniramia",NA,"Insecta","Pterygota","Neoptera","Holometabola","Diptera","Brachycera","","","Tabanidae","",""
"Hydatophylax","Genus","Arthropoda","Uniramia",NA,"Insecta","Pterygota","Neoptera","Holometabola","Trichoptera","Integripalpia","","Limnephiloidea","Limnephilidae","Limnephilinae",""
"Hydra","Genus","Cnidaria","",NA,"Hydrozoa","","","","Hydroida","","","","Hydridae","",""
"Hydrachna","Genus","Arthropoda","Chelicerata",NA,"Arachnida","Acari","","Acariformes","Trombidiformes","Prostigmata","Hydrachnidia","","Hydrachnidae","",""
"Hydraena","Genus","Arthropoda","Uniramia",NA,"Insecta","Pterygota","Neoptera","Holometabola","Coleoptera","Polyphaga","","Staphylinoidea","Hydraenidae","",""
"Hydrobaenus","Genus","Arthropoda","Uniramia",NA,"Insecta","Pterygota","Neoptera","Holometabola","Diptera","Nematocera","","","Chironomidae","Orthocladiinae",""
"Hydrocanthus","Genus","Arthropoda","Uniramia",NA,"Insecta","Pterygota","Neoptera","Holometabola","Coleoptera","Adephaga","","Caraboidea","Noteridae","",""
"Hydrochus","Genus","Arthropoda","Uniramia",NA,"Insecta","Pterygota","Neoptera","Holometabola","Coleoptera","Polyphaga","","Hydrophiloidea","Hydrochidae","",""
"Hydroporus","Genus","Arthropoda","Uniramia",NA,"Insecta","Pterygota","Neoptera","Holometabola","Coleoptera","Adephaga","","Caraboidea","Dytiscidae","Hydroporinae","Hydroporini"
"Hydroptila","Genus","Arthropoda","Uniramia",NA,"Insecta","Pterygota","Neoptera","Holometabola","Trichoptera","Spicipalpia","","","Hydroptilidae","Hydroptilinae",""
"Hydrovatus","Genus","Arthropoda","Uniramia",NA,"Insecta","Pterygota","Neoptera","Holometabola","Coleoptera","Adephaga","","Caraboidea","Dytiscidae","Hydroporinae","Hydrovatini"
"Hygrobates","Genus","Arthropoda","Chelicerata",NA,"Arachnida","Acari","","Acariformes","Trombidiformes","Prostigmata","Hydrachnidia","","Hygrobatidae","",""
"Hygrotus","Genus","Arthropoda","Uniramia",NA,"Insecta","Pterygota","Neoptera","Holometabola","Coleoptera","Adephaga","","Caraboidea","Dytiscidae","Hydroporinae","Hydroporini"
"Ironoquia","Genus","Arthropoda","Uniramia",NA,"Insecta","Pterygota","Neoptera","Holometabola","Trichoptera","Integripalpia","","Limnephiloidea","Limnephilidae","Dicosmoecinae",""
"Ischnura","Genus","Arthropoda","Uniramia",NA,"Insecta","Pterygota","Paleoptera","","Odonata","Zygoptera","","","Coenagrionidae","",""
"Isogenoides","Genus","Arthropoda","Uniramia",NA,"Insecta","Pterygota","Neoptera","Orthopterodea","Plecoptera","Systellognatha","","","Perlodidae","Perlodinae","Perlodini"
"Isonychia","Genus","Arthropoda","Uniramia",NA,"Insecta","Pterygota","Paleoptera","","Ephemeroptera","Setisura","","","Isonychiidae","",""
"Isoperla","Genus","Arthropoda","Uniramia",NA,"Insecta","Pterygota","Neoptera","Orthopterodea","Plecoptera","Systellognatha","","","Perlodidae","Isoperlinae",""
"Ithytrichia","Genus","Arthropoda","Uniramia",NA,"Insecta","Pterygota","Neoptera","Holometabola","Trichoptera","Spicipalpia","","","Hydroptilidae","Hydroptilinae",""
"Juga","Genus","Mollusca","",NA,"Gastropoda","Prosobranchia","","","Mesogastropoda","","","Vermetoidea","Pleuroceridae","",""
"Kathroperla","Genus","Arthropoda","Uniramia",NA,"Insecta","Pterygota","Neoptera","Orthopterodea","Plecoptera","Systellognatha","","","Chloroperlidae","Paraperlinae",""
"Kiefferulus","Genus","Arthropoda","Uniramia",NA,"Insecta","Pterygota","Neoptera","Holometabola","Diptera","Nematocera","","","Chironomidae","Chironominae","Chironomini"
"Kloosia","Genus","Arthropoda","Uniramia",NA,"Insecta","Pterygota","Neoptera","Holometabola","Diptera","Nematocera","","","Chironomidae","Chironominae","Chironomini"
"Kogotus","Genus","Arthropoda","Uniramia",NA,"Insecta","Pterygota","Neoptera","Orthopterodea","Plecoptera","Systellognatha","","","Perlodidae","Perlodinae","Diploperlini"
"Krenopelopia","Genus","Arthropoda","Uniramia",NA,"Insecta","Pterygota","Neoptera","Holometabola","Diptera","Nematocera","","","Chironomidae","Tanypodinae","Pentaneurini"
"Krenopsectra.Micropsectra.Tanytarsus","Neither","Arthropoda","Uniramia",NA,"Insecta","Pterygota","Neoptera","Holometabola","Diptera","Nematocera","","","Chironomidae","Chironominae","Tanytarsini"
"Krenosmittia","Genus","Arthropoda","Uniramia",NA,"Insecta","Pterygota","Neoptera","Holometabola","Diptera","Nematocera","","","Chironomidae","Orthocladiinae",""
"Kribiodorum","Genus","Arthropoda","Uniramia",NA,"Insecta","Pterygota","Neoptera","Holometabola","Diptera","Nematocera","","","Chironomidae","Chironominae","Chironomini"
"Labrundinia.Nilotanypus","Neither","Arthropoda","Uniramia",NA,"Insecta","Pterygota","Neoptera","Holometabola","Diptera","Nematocera","","","Chironomidae","Tanypodinae","Pentaneurini"
"Laccobius","Genus","Arthropoda","Uniramia",NA,"Insecta","Pterygota","Neoptera","Holometabola","Coleoptera","Polyphaga","","Hydrophiloidea","Hydrophilidae","",""
"Laccophilus","Genus","Arthropoda","Uniramia",NA,"Insecta","Pterygota","Neoptera","Holometabola","Coleoptera","Adephaga","","Caraboidea","Dytiscidae","Laccophilinae","Laccophilini"
"Lachlania","Genus","Arthropoda","Uniramia",NA,"Insecta","Pterygota","Paleoptera","","Ephemeroptera","Setisura","","","Oligoneuriidae","",""
"Laevapex","Genus","Mollusca","",NA,"Gastropoda","Pulmonata","","","Basommatophora","","","","Ancylidae","",""
"Lanthus","Genus","Arthropoda","Uniramia",NA,"Insecta","Pterygota","Paleoptera","","Odonata","Anisoptera","","","Gomphidae","",""
"Lara","Genus","Arthropoda","Uniramia",NA,"Insecta","Pterygota","Neoptera","Holometabola","Coleoptera","Polyphaga","","Dryopoidea","Elmidae","",""
"Larsia","Genus","Arthropoda","Uniramia",NA,"Insecta","Pterygota","Neoptera","Holometabola","Diptera","Nematocera","","","Chironomidae","Tanypodinae","Pentaneurini"
"Lauterborniella","Genus","Arthropoda","Uniramia",NA,"Insecta","Pterygota","Neoptera","Holometabola","Diptera","Nematocera","","","Chironomidae","Chironominae","Chironomini"
"Lebertia","Genus","Arthropoda","Chelicerata",NA,"Arachnida","Acari","","Acariformes","Trombidiformes","Prostigmata","Hydrachnidia","","Lebertiidae","",""
"Lepidostoma","Genus","Arthropoda","Uniramia",NA,"Insecta","Pterygota","Neoptera","Holometabola","Trichoptera","Integripalpia","","Limnephiloidea","Lepidostomatidae","Lepidostomatinae",""
"Leptocerus","Genus","Arthropoda","Uniramia",NA,"Insecta","Pterygota","Neoptera","Holometabola","Trichoptera","Integripalpia","","Leptoceroidea","Leptoceridae","Leptocerinae",""
"Leptoxis","Genus","Mollusca","",NA,"Gastropoda","Prosobranchia","","","Mesogastropoda","","","Vermetoidea","Pleuroceridae","",""
"Lestes","Genus","Arthropoda","Uniramia",NA,"Insecta","Pterygota","Paleoptera","","Odonata","Zygoptera","","","Lestidae","",""
"Leucotrichia.Zumatrichia","Neither","Arthropoda","Uniramia",NA,"Insecta","Pterygota","Neoptera","Holometabola","Trichoptera","Spicipalpia","","","Hydroptilidae","Hydroptilinae",""
"Leuctra","Genus","Arthropoda","Uniramia",NA,"Insecta","Pterygota","Neoptera","Orthopterodea","Plecoptera","Euholognatha","","","Leuctridae","Leuctrinae",""
"Libellula.Plathemis","Neither","Arthropoda","Uniramia",NA,"Insecta","Pterygota","Paleoptera","","Odonata","Anisoptera","","","Libellulidae","",""
"Limnephilus","Genus","Arthropoda","Uniramia",NA,"Insecta","Pterygota","Neoptera","Holometabola","Trichoptera","Integripalpia","","Limnephiloidea","Limnephilidae","Limnephilinae",""
"Limnesia","Genus","Arthropoda","Chelicerata",NA,"Arachnida","Acari","","Acariformes","Trombidiformes","Prostigmata","Hydrachnidia","","Limnesiidae","",""
"Limnodrilus","Genus","Annelida","Clitellata",NA,"Oligochaeta","","","","Tubificida","Tubificina","","Tubificoidea","Tubificidae","",""
"Limnophila","Genus","Arthropoda","Uniramia",NA,"Insecta","Pterygota","Neoptera","Holometabola","Diptera","Nematocera","","","Tipulidae","Limoniinae",""
"Limnophora","Genus","Arthropoda","Uniramia",NA,"Insecta","Pterygota","Neoptera","Holometabola","Diptera","Brachycera","","","Muscidae","",""
"Limnophyes","Genus","Arthropoda","Uniramia",NA,"Insecta","Pterygota","Neoptera","Holometabola","Diptera","Nematocera","","","Chironomidae","Orthocladiinae",""
"Limonia","Genus","Arthropoda","Uniramia",NA,"Insecta","Pterygota","Neoptera","Holometabola","Diptera","Nematocera","","","Tipulidae","Limoniinae",""
"Liodessus","Genus","Arthropoda","Uniramia",NA,"Insecta","Pterygota","Neoptera","Holometabola","Coleoptera","Adephaga","","Caraboidea","Dytiscidae","Hydroporinae","Bidessini"
"Lioporeus","Genus","Arthropoda","Uniramia",NA,"Insecta","Pterygota","Neoptera","Holometabola","Coleoptera","Adephaga","","Caraboidea","Dytiscidae","Hydroporinae","Hydroporini"
"Lipsothrix","Genus","Arthropoda","Uniramia",NA,"Insecta","Pterygota","Neoptera","Holometabola","Diptera","Nematocera","","","Tipulidae","Limoniinae",""
"Lirceus","Genus","Arthropoda","Crustacea",NA,"Malacostraca","Eumalacostraca","","Peracarida","Isopoda","Asellota","","","Asellidae","",""
"Lopescladius","Genus","Arthropoda","Uniramia",NA,"Insecta","Pterygota","Neoptera","Holometabola","Diptera","Nematocera","","","Chironomidae","Orthocladiinae",""
"Lutrochus","Genus","Arthropoda","Uniramia",NA,"Insecta","Pterygota","Neoptera","Holometabola","Coleoptera","Polyphaga","","Dryopoidea","Lutrochidae","",""
"Lype","Genus","Arthropoda","Uniramia",NA,"Insecta","Pterygota","Neoptera","Holometabola","Trichoptera","Annulipalpia","","Hydropsychoidea","Psychomyiidae","Psychomyiinae",""
"Macrelmis","Genus","Arthropoda","Uniramia",NA,"Insecta","Pterygota","Neoptera","Holometabola","Coleoptera","Polyphaga","","Dryopoidea","Elmidae","",""
"Macromia","Genus","Arthropoda","Uniramia",NA,"Insecta","Pterygota","Paleoptera","","Odonata","Anisoptera","","","Macromiidae","",""
"Macronychus","Genus","Arthropoda","Uniramia",NA,"Insecta","Pterygota","Neoptera","Holometabola","Coleoptera","Polyphaga","","Dryopoidea","Elmidae","",""
"Macropelopia","Genus","Arthropoda","Uniramia",NA,"Insecta","Pterygota","Neoptera","Holometabola","Diptera","Nematocera","","","Chironomidae","Tanypodinae","Macropelopiini"
"Macrostemum","Genus","Arthropoda","Uniramia",NA,"Insecta","Pterygota","Neoptera","Holometabola","Trichoptera","Annulipalpia","","Hydropsychoidea","Hydropsychidae","Macronematinae",""
"Malenka","Genus","Arthropoda","Uniramia",NA,"Insecta","Pterygota","Neoptera","Orthopterodea","Plecoptera","Euholognatha","","","Nemouridae","Amphinemurinae",""
"Mallochohelea","Genus","Arthropoda","Uniramia",NA,"Insecta","Pterygota","Neoptera","Holometabola","Diptera","Nematocera","","","Ceratopogonidae","Ceratopogoninae",""
"Marilia","Genus","Arthropoda","Uniramia",NA,"Insecta","Pterygota","Neoptera","Holometabola","Trichoptera","Integripalpia","","Leptoceroidea","Odontoceridae","Odontocerinae",""
"Maruina","Genus","Arthropoda","Uniramia",NA,"Insecta","Pterygota","Neoptera","Holometabola","Diptera","Nematocera","","","Psychodidae","Psychodinae",""
"Matus","Genus","Arthropoda","Uniramia",NA,"Insecta","Pterygota","Neoptera","Holometabola","Coleoptera","Adephaga","","Caraboidea","Dytiscidae","Colymbetinae","Matini"
"Mayatrichia","Genus","Arthropoda","Uniramia",NA,"Insecta","Pterygota","Neoptera","Holometabola","Trichoptera","Spicipalpia","","","Hydroptilidae","Hydroptilinae",""
"Megarcys","Genus","Arthropoda","Uniramia",NA,"Insecta","Pterygota","Neoptera","Orthopterodea","Plecoptera","Systellognatha","","","Perlodidae","Perlodinae","Arcynopterygini"
"Melanoides","Genus","Mollusca","",NA,"Gastropoda","Prosobranchia","","","Mesogastropoda","","","Vermetoidea","Thiaridae","",""
"Menetus.Micromenetus","Neither","Mollusca","",NA,"Gastropoda","Pulmonata","","","Basommatophora","","","","Planorbidae","",""
"Meringodixa","Genus","Arthropoda","Uniramia",NA,"Insecta","Pterygota","Neoptera","Holometabola","Diptera","Nematocera","","","Dixidae","",""
"Merragata","Genus","Arthropoda","Uniramia",NA,"Insecta","Pterygota","Neoptera","Hemipteroidea","Hemiptera","Heteroptera","","","Hebridae","Hebrinae",""
"Mesobates","Genus","Arthropoda","Chelicerata",NA,"Arachnida","Acari","","Acariformes","Trombidiformes","Prostigmata","Hydrachnidia","","Hygrobatidae","",""
"Metrichia","Genus","Arthropoda","Uniramia",NA,"Insecta","Pterygota","Neoptera","Holometabola","Trichoptera","Spicipalpia","","","Hydroptilidae","Hydroptilinae",""
"Metriocnemus","Genus","Arthropoda","Uniramia",NA,"Insecta","Pterygota","Neoptera","Holometabola","Diptera","Nematocera","","","Chironomidae","Orthocladiinae",""
"Micrasema","Genus","Arthropoda","Uniramia",NA,"Insecta","Pterygota","Neoptera","Holometabola","Trichoptera","Integripalpia","","Limnephiloidea","Brachycentridae","",""
"Microchironomus","Genus","Arthropoda","Uniramia",NA,"Insecta","Pterygota","Neoptera","Holometabola","Diptera","Nematocera","","","Chironomidae","Chironominae","Chironomini"
"Microcylloepus","Genus","Arthropoda","Uniramia",NA,"Insecta","Pterygota","Neoptera","Holometabola","Coleoptera","Polyphaga","","Dryopoidea","Elmidae","",""
"Microtendipes","Genus","Arthropoda","Uniramia",NA,"Insecta","Pterygota","Neoptera","Holometabola","Diptera","Nematocera","","","Chironomidae","Chironominae","Chironomini"
"Microvelia","Genus","Arthropoda","Uniramia",NA,"Insecta","Pterygota","Neoptera","Hemipteroidea","Hemiptera","Heteroptera","","","Veliidae","Microveliinae",""
"Mideopsis","Genus","Arthropoda","Chelicerata",NA,"Arachnida","Acari","","Acariformes","Trombidiformes","Prostigmata","Hydrachnidia","","Mideopsidae","",""
"Molanna","Genus","Arthropoda","Uniramia",NA,"Insecta","Pterygota","Neoptera","Holometabola","Trichoptera","Integripalpia","","Leptoceroidea","Molannidae","",""
"Monatractides","Genus","Arthropoda","Chelicerata",NA,"Arachnida","Acari","","Acariformes","Trombidiformes","Prostigmata","Hydrachnidia","","Torrenticolidae","",""
"Monodiamesa","Genus","Arthropoda","Uniramia",NA,"Insecta","Pterygota","Neoptera","Holometabola","Diptera","Nematocera","","","Chironomidae","Prodiamesinae",""
"Monohelea","Genus","Arthropoda","Uniramia",NA,"Insecta","Pterygota","Neoptera","Holometabola","Diptera","Nematocera","","","Ceratopogonidae","Ceratopogoninae",""
"Monopelopia","Genus","Arthropoda","Uniramia",NA,"Insecta","Pterygota","Neoptera","Holometabola","Diptera","Nematocera","","","Chironomidae","Tanypodinae","Pentaneurini"
"Moselia","Genus","Arthropoda","Uniramia",NA,"Insecta","Pterygota","Neoptera","Orthopterodea","Plecoptera","Euholognatha","","","Leuctridae","Leuctrinae",""
"Musculium","Genus","Mollusca","",NA,"Bivalvia","Lamellibranchia","","Eulamellibranchia","Veneroida","","","Corbiculoidea","Sphaeriidae","Sphaeriinae",""
"Mystacides","Genus","Arthropoda","Uniramia",NA,"Insecta","Pterygota","Neoptera","Holometabola","Trichoptera","Integripalpia","","Leptoceroidea","Leptoceridae","Leptocerinae",""
"Myzobdella","Genus","Annelida","Clitellata",NA,"Hirudinea","","","","Rhynchobdellida","","","","Piscicolidae","",""
"Nais","Genus","Annelida","Clitellata",NA,"Oligochaeta","","","","Tubificida","Tubificina","","Tubificoidea","Naididae","",""
"Nanocladius","Genus","Arthropoda","Uniramia",NA,"Insecta","Pterygota","Neoptera","Holometabola","Diptera","Nematocera","","","Chironomidae","Orthocladiinae",""
"Narpus","Genus","Arthropoda","Uniramia",NA,"Insecta","Pterygota","Neoptera","Holometabola","Coleoptera","Polyphaga","","Dryopoidea","Elmidae","",""
"Nasiaeschna","Genus","Arthropoda","Uniramia",NA,"Insecta","Pterygota","Paleoptera","","Odonata","Anisoptera","","","Aeshnidae","",""
"Natarsia","Genus","Arthropoda","Uniramia",NA,"Insecta","Pterygota","Neoptera","Holometabola","Diptera","Nematocera","","","Chironomidae","Tanypodinae","Natarsiini"
"Nebrioporus.Stictotarsus","Neither","Arthropoda","Uniramia",NA,"Insecta","Pterygota","Neoptera","Holometabola","Coleoptera","Adephaga","","Caraboidea","Dytiscidae","Hydroporinae","Hydroporini"
"Nectopsyche","Genus","Arthropoda","Uniramia",NA,"Insecta","Pterygota","Neoptera","Holometabola","Trichoptera","Integripalpia","","Leptoceroidea","Leptoceridae","Leptocerinae",""
"Nemotelus","Genus","Arthropoda","Uniramia",NA,"Insecta","Pterygota","Neoptera","Holometabola","Diptera","Brachycera","","","Stratiomyidae","Nemotelinae",""
"Neocylloepus","Genus","Arthropoda","Uniramia",NA,"Insecta","Pterygota","Neoptera","Holometabola","Coleoptera","Polyphaga","","Dryopoidea","Elmidae","",""
"Neoelmis","Genus","Arthropoda","Uniramia",NA,"Insecta","Pterygota","Neoptera","Holometabola","Coleoptera","Polyphaga","","Dryopoidea","Elmidae","",""
"Neohermes","Genus","Arthropoda","Uniramia",NA,"Insecta","Pterygota","Neoptera","Holometabola","Megaloptera","","","","Corydalidae","Chauliodinae",""
"Neoperla","Genus","Arthropoda","Uniramia",NA,"Insecta","Pterygota","Neoptera","Orthopterodea","Plecoptera","Systellognatha","","","Perlidae","Perlinae","Neoperlini"
"Neophylax","Genus","Arthropoda","Uniramia",NA,"Insecta","Pterygota","Neoptera","Holometabola","Trichoptera","Integripalpia","","Limnephiloidea","Uenoidae","Thremmatinae",""
"Neoplasta","Genus","Arthropoda","Uniramia",NA,"Insecta","Pterygota","Neoptera","Holometabola","Diptera","Brachycera","","","Empididae","Hemerodromiinae",""
"Neoplea","Genus","Arthropoda","Uniramia",NA,"Insecta","Pterygota","Neoptera","Hemipteroidea","Hemiptera","Heteroptera","","","Pleidae","",""
"Neoporus","Genus","Arthropoda","Uniramia",NA,"Insecta","Pterygota","Neoptera","Holometabola","Coleoptera","Adephaga","","Caraboidea","Dytiscidae","Hydroporinae","Hydroporini"
"Neostempellina.Stempellina","Neither","Arthropoda","Uniramia",NA,"Insecta","Pterygota","Neoptera","Holometabola","Diptera","Nematocera","","","Chironomidae","Chironominae","Tanytarsini"
"Neothremma","Genus","Arthropoda","Uniramia",NA,"Insecta","Pterygota","Neoptera","Holometabola","Trichoptera","Integripalpia","","Limnephiloidea","Uenoidae","Uenoinae",""
"Neotrichia","Genus","Arthropoda","Uniramia",NA,"Insecta","Pterygota","Neoptera","Holometabola","Trichoptera","Spicipalpia","","","Hydroptilidae","Hydroptilinae",""
"Neozavrelia.Rheotanytarsus.Sublettea","Neither","Arthropoda","Uniramia",NA,"Insecta","Pterygota","Neoptera","Holometabola","Diptera","Nematocera","","","Chironomidae","Chironominae","Tanytarsini"
"Neumania","Genus","Arthropoda","Chelicerata",NA,"Arachnida","Acari","","Acariformes","Trombidiformes","Prostigmata","Hydrachnidia","","Unionicolidae","",""
"Neureclipsis","Genus","Arthropoda","Uniramia",NA,"Insecta","Pterygota","Neoptera","Holometabola","Trichoptera","Annulipalpia","","Hydropsychoidea","Polycentropodidae","Polycentropodinae",""
"Neurocordulia","Genus","Arthropoda","Uniramia",NA,"Insecta","Pterygota","Paleoptera","","Odonata","Anisoptera","","","Corduliidae","",""
"Nigronia","Genus","Arthropoda","Uniramia",NA,"Insecta","Pterygota","Neoptera","Holometabola","Megaloptera","","","","Corydalidae","Chauliodinae",""
"Nilothauma","Genus","Arthropoda","Uniramia",NA,"Insecta","Pterygota","Neoptera","Holometabola","Diptera","Nematocera","","","Chironomidae","Chironominae","Chironomini"
"Nimbocera","Genus","Arthropoda","Uniramia",NA,"Insecta","Pterygota","Neoptera","Holometabola","Diptera","Nematocera","","","Chironomidae","Chironominae","Tanytarsini"
"Notonecta","Genus","Arthropoda","Uniramia",NA,"Insecta","Pterygota","Neoptera","Hemipteroidea","Hemiptera","Heteroptera","","","Notonectidae","",""
"Nyctiophylax","Genus","Arthropoda","Uniramia",NA,"Insecta","Pterygota","Neoptera","Holometabola","Trichoptera","Annulipalpia","","Hydropsychoidea","Polycentropodidae","Polycentropodinae",""
"Ochrotrichia","Genus","Arthropoda","Uniramia",NA,"Insecta","Pterygota","Neoptera","Holometabola","Trichoptera","Spicipalpia","","","Hydroptilidae","Hydroptilinae",""
"Ochthebius","Genus","Arthropoda","Uniramia",NA,"Insecta","Pterygota","Neoptera","Holometabola","Coleoptera","Polyphaga","","Staphylinoidea","Hydraenidae","",""
"Octogomphus","Genus","Arthropoda","Uniramia",NA,"Insecta","Pterygota","Paleoptera","","Odonata","Anisoptera","","","Gomphidae","",""
"Odontomesa","Genus","Arthropoda","Uniramia",NA,"Insecta","Pterygota","Neoptera","Holometabola","Diptera","Nematocera","","","Chironomidae","Prodiamesinae",""
"Oecetis","Genus","Arthropoda","Uniramia",NA,"Insecta","Pterygota","Neoptera","Holometabola","Trichoptera","Integripalpia","","Leptoceroidea","Leptoceridae","Leptocerinae",""
"Oligophlebodes","Genus","Arthropoda","Uniramia",NA,"Insecta","Pterygota","Neoptera","Holometabola","Trichoptera","Integripalpia","","Limnephiloidea","Uenoidae","Thremmatinae",""
"Onconeura","Genus","Arthropoda","Uniramia",NA,"Insecta","Pterygota","Neoptera","Holometabola","Diptera","Nematocera","","","Chironomidae","Orthocladiinae",""
"Onocosmoecus","Genus","Arthropoda","Uniramia",NA,"Insecta","Pterygota","Neoptera","Holometabola","Trichoptera","Integripalpia","","Limnephiloidea","Limnephilidae","Dicosmoecinae",""
"Ophidonais","Genus","Annelida","Clitellata",NA,"Oligochaeta","","","","Tubificida","Tubificina","","Tubificoidea","Naididae","",""
"Oplonaeschna","Genus","Arthropoda","Uniramia",NA,"Insecta","Pterygota","Paleoptera","","Odonata","Anisoptera","","","Aeshnidae","",""
"Optioservus","Genus","Arthropoda","Uniramia",NA,"Insecta","Pterygota","Neoptera","Holometabola","Coleoptera","Polyphaga","","Dryopoidea","Elmidae","",""
"Orconectes","Genus","Arthropoda","Crustacea",NA,"Malacostraca","Eumalacostraca","","Eucarida","Decapoda","Pleocyemata","Astacidea","","Cambaridae","Cambarinae",""
"Ordobrevia","Genus","Arthropoda","Uniramia",NA,"Insecta","Pterygota","Neoptera","Holometabola","Coleoptera","Polyphaga","","Dryopoidea","Elmidae","",""
"Oreodytes","Genus","Arthropoda","Uniramia",NA,"Insecta","Pterygota","Neoptera","Holometabola","Coleoptera","Adephaga","","Caraboidea","Dytiscidae","Hydroporinae","Hydroporini"
"Oreogeton","Genus","Arthropoda","Uniramia",NA,"Insecta","Pterygota","Neoptera","Holometabola","Diptera","Brachycera","","","Empididae","Empidinae",""
"Ormosia","Genus","Arthropoda","Uniramia",NA,"Insecta","Pterygota","Neoptera","Holometabola","Diptera","Nematocera","","","Tipulidae","Limoniinae",""
"Orohermes","Genus","Arthropoda","Uniramia",NA,"Insecta","Pterygota","Neoptera","Holometabola","Megaloptera","","","","Corydalidae","Chauliodinae",""
"Oroperla","Genus","Arthropoda","Uniramia",NA,"Insecta","Pterygota","Neoptera","Orthopterodea","Plecoptera","Systellognatha","","","Perlodidae","Perlodinae","Arcynopterygini"
"Orthotrichia","Genus","Arthropoda","Uniramia",NA,"Insecta","Pterygota","Neoptera","Holometabola","Trichoptera","Spicipalpia","","","Hydroptilidae","Hydroptilinae",""
"Ostrocerca","Genus","Arthropoda","Uniramia",NA,"Insecta","Pterygota","Neoptera","Orthopterodea","Plecoptera","Euholognatha","","","Nemouridae","Nemourinae",""
"Oulimnius","Genus","Arthropoda","Uniramia",NA,"Insecta","Pterygota","Neoptera","Holometabola","Coleoptera","Polyphaga","","Dryopoidea","Elmidae","",""
"Oxus","Genus","Arthropoda","Chelicerata",NA,"Arachnida","Acari","","Acariformes","Trombidiformes","Prostigmata","Hydrachnidia","","Oxidae","",""
"Oxyethira","Genus","Arthropoda","Uniramia",NA,"Insecta","Pterygota","Neoptera","Holometabola","Trichoptera","Spicipalpia","","","Hydroptilidae","Hydroptilinae",""
"Pachydiplax","Genus","Arthropoda","Uniramia",NA,"Insecta","Pterygota","Paleoptera","","Odonata","Anisoptera","","","Libellulidae","",""
"Pacifastacus","Genus","Arthropoda","Crustacea",NA,"Malacostraca","Eumalacostraca","","Eucarida","Decapoda","Pleocyemata","Astacidea","","Astacidae","",""
"Pagastia","Genus","Arthropoda","Uniramia",NA,"Insecta","Pterygota","Neoptera","Holometabola","Diptera","Nematocera","","","Chironomidae","Diamesinae","Diamesini"
"Pagastiella","Genus","Arthropoda","Uniramia",NA,"Insecta","Pterygota","Neoptera","Holometabola","Diptera","Nematocera","","","Chironomidae","Chironominae","Chironomini"
"Palaemonetes","Genus","Arthropoda","Crustacea",NA,"Malacostraca","Eumalacostraca","","Eucarida","Decapoda","Pleocyemata","Caridea","","Palaemonidae","",""
"Palmacorixa","Genus","Arthropoda","Uniramia",NA,"Insecta","Pterygota","Neoptera","Hemipteroidea","Hemiptera","Heteroptera","","","Corixidae","Corixinae","Corixini"
"Paracapnia","Genus","Arthropoda","Uniramia",NA,"Insecta","Pterygota","Neoptera","Orthopterodea","Plecoptera","Euholognatha","","","Capniidae","Capniinae",""
"Parachaetocladius","Genus","Arthropoda","Uniramia",NA,"Insecta","Pterygota","Neoptera","Holometabola","Diptera","Nematocera","","","Chironomidae","Orthocladiinae",""
"Parachironomus","Genus","Arthropoda","Uniramia",NA,"Insecta","Pterygota","Neoptera","Holometabola","Diptera","Nematocera","","","Chironomidae","Chironominae","Chironomini"
"Paracladius","Genus","Arthropoda","Uniramia",NA,"Insecta","Pterygota","Neoptera","Holometabola","Diptera","Nematocera","","","Chironomidae","Orthocladiinae",""
"Paracladopelma","Genus","Arthropoda","Uniramia",NA,"Insecta","Pterygota","Neoptera","Holometabola","Diptera","Nematocera","","","Chironomidae","Chironominae","Chironomini"
"Paracymus","Genus","Arthropoda","Uniramia",NA,"Insecta","Pterygota","Neoptera","Holometabola","Coleoptera","Polyphaga","","Hydrophiloidea","Hydrophilidae","",""
"Parakiefferiella","Genus","Arthropoda","Uniramia",NA,"Insecta","Pterygota","Neoptera","Holometabola","Diptera","Nematocera","","","Chironomidae","Orthocladiinae",""
"Paralauterborniella","Genus","Arthropoda","Uniramia",NA,"Insecta","Pterygota","Neoptera","Holometabola","Diptera","Nematocera","","","Chironomidae","Chironominae","Chironomini"
"Paraleuctra","Genus","Arthropoda","Uniramia",NA,"Insecta","Pterygota","Neoptera","Orthopterodea","Plecoptera","Euholognatha","","","Leuctridae","Leuctrinae",""
"Paralimnophyes","Genus","Arthropoda","Uniramia",NA,"Insecta","Pterygota","Neoptera","Holometabola","Diptera","Nematocera","","","Chironomidae","Orthocladiinae",""
"Paramerina.Zavrelimyia","Neither","Arthropoda","Uniramia",NA,"Insecta","Pterygota","Neoptera","Holometabola","Diptera","Nematocera","","","Chironomidae","Tanypodinae","Pentaneurini"
"Parametriocnemus","Genus","Arthropoda","Uniramia",NA,"Insecta","Pterygota","Neoptera","Holometabola","Diptera","Nematocera","","","Chironomidae","Orthocladiinae",""
"Paraperla","Genus","Arthropoda","Uniramia",NA,"Insecta","Pterygota","Neoptera","Orthopterodea","Plecoptera","Systellognatha","","","Chloroperlidae","Paraperlinae",""
"Paraphaenocladius","Genus","Arthropoda","Uniramia",NA,"Insecta","Pterygota","Neoptera","Holometabola","Diptera","Nematocera","","","Chironomidae","Orthocladiinae",""
"Parapoynx","Genus","Arthropoda","Uniramia",NA,"Insecta","Pterygota","Neoptera","Holometabola","Lepidoptera","","","","Crambidae","Acentropinae","Nymphulini"
"Parapsyche","Genus","Arthropoda","Uniramia",NA,"Insecta","Pterygota","Neoptera","Holometabola","Trichoptera","Annulipalpia","","Hydropsychoidea","Hydropsychidae","Arctopsychinae",""
"Paratanytarsus","Genus","Arthropoda","Uniramia",NA,"Insecta","Pterygota","Neoptera","Holometabola","Diptera","Nematocera","","","Chironomidae","Chironominae","Tanytarsini"
"Paratendipes","Genus","Arthropoda","Uniramia",NA,"Insecta","Pterygota","Neoptera","Holometabola","Diptera","Nematocera","","","Chironomidae","Chironominae","Chironomini"
"Parochlus","Genus","Arthropoda","Uniramia",NA,"Insecta","Pterygota","Neoptera","Holometabola","Diptera","Nematocera","","","Chironomidae","Podonominae","Podonomini"
"Parorthocladius","Genus","Arthropoda","Uniramia",NA,"Insecta","Pterygota","Neoptera","Holometabola","Diptera","Nematocera","","","Chironomidae","Orthocladiinae",""
"Parthina","Genus","Arthropoda","Uniramia",NA,"Insecta","Pterygota","Neoptera","Holometabola","Trichoptera","Integripalpia","","Leptoceroidea","Odontoceridae","Odontocerinae",""
"Pedicia","Genus","Arthropoda","Uniramia",NA,"Insecta","Pterygota","Neoptera","Holometabola","Diptera","Nematocera","","","Tipulidae","Limoniinae",""
"Pedomoecus","Genus","Arthropoda","Uniramia",NA,"Insecta","Pterygota","Neoptera","Holometabola","Trichoptera","Integripalpia","","Limnephiloidea","Apataniidae","",""
"Pelocoris","Genus","Arthropoda","Uniramia",NA,"Insecta","Pterygota","Neoptera","Hemipteroidea","Hemiptera","Heteroptera","","","Naucoridae","Naucorinae",""
"Peltodytes","Genus","Arthropoda","Uniramia",NA,"Insecta","Pterygota","Neoptera","Holometabola","Coleoptera","Adephaga","","Caraboidea","Haliplidae","",""
"Peltoperla","Genus","Arthropoda","Uniramia",NA,"Insecta","Pterygota","Neoptera","Orthopterodea","Plecoptera","Systellognatha","","","Peltoperlidae","Peltoperlinae",""
"Pentaneura","Genus","Arthropoda","Uniramia",NA,"Insecta","Pterygota","Neoptera","Holometabola","Diptera","Nematocera","","","Chironomidae","Tanypodinae","Pentaneurini"
"Pericoma.Telmatoscopus","Neither","Arthropoda","Uniramia",NA,"Insecta","Pterygota","Neoptera","Holometabola","Diptera","Nematocera","","","Psychodidae","Psychodinae",""
"Perithemis","Genus","Arthropoda","Uniramia",NA,"Insecta","Pterygota","Paleoptera","","Odonata","Anisoptera","","","Libellulidae","",""
"Perlesta","Genus","Arthropoda","Uniramia",NA,"Insecta","Pterygota","Neoptera","Orthopterodea","Plecoptera","Systellognatha","","","Perlidae","Acroneuriinae","Acroneuriini"
"Perlinella","Genus","Arthropoda","Uniramia",NA,"Insecta","Pterygota","Neoptera","Orthopterodea","Plecoptera","Systellognatha","","","Perlidae","Acroneuriinae","Acroneuriini"
"Perlinodes","Genus","Arthropoda","Uniramia",NA,"Insecta","Pterygota","Neoptera","Orthopterodea","Plecoptera","Systellognatha","","","Perlodidae","Perlodinae","Arcynopterygini"
"Petrophila","Genus","Arthropoda","Uniramia",NA,"Insecta","Pterygota","Neoptera","Holometabola","Lepidoptera","","","","Crambidae","Acentropinae","Argyactini"
"Phaenopsectra.Tribelos","Neither","Arthropoda","Uniramia",NA,"Insecta","Pterygota","Neoptera","Holometabola","Diptera","Nematocera","","","Chironomidae","Chironominae","Chironomini"
"Philorus","Genus","Arthropoda","Uniramia",NA,"Insecta","Pterygota","Neoptera","Holometabola","Diptera","Nematocera","","","Blephariceridae","",""
"Phylloicus","Genus","Arthropoda","Uniramia",NA,"Insecta","Pterygota","Neoptera","Holometabola","Trichoptera","Integripalpia","","Leptoceroidea","Calamoceratidae","",""
"Phylocentropus","Genus","Arthropoda","Uniramia",NA,"Insecta","Pterygota","Neoptera","Holometabola","Trichoptera","Annulipalpia","","Hydropsychoidea","Dipseudopsidae","",""
"Physa","Genus","Mollusca","",NA,"Gastropoda","Pulmonata","","","Basommatophora","","","","Physidae","Physinae",""
"Pilaria","Genus","Arthropoda","Uniramia",NA,"Insecta","Pterygota","Neoptera","Holometabola","Diptera","Nematocera","","","Tipulidae","Limoniinae",""
"Pisidium","Genus","Mollusca","",NA,"Bivalvia","Lamellibranchia","","Eulamellibranchia","Veneroida","","","Corbiculoidea","Sphaeriidae","Pisidiinae",""
"Placobdella","Genus","Annelida","Clitellata",NA,"Hirudinea","","","","Rhynchobdellida","","","","Glossiphoniidae","",""
"Planorbella.Planorbula","Neither","Mollusca","",NA,"Gastropoda","Pulmonata","","","Basommatophora","","","","Planorbidae","",""
"Plumiperla","Genus","Arthropoda","Uniramia",NA,"Insecta","Pterygota","Neoptera","Orthopterodea","Plecoptera","Systellognatha","","","Chloroperlidae","Chloroperlinae",""
"Polycelis","Genus","Platyhelminthes","",NA,"Turbellaria","","","","Tricladida","","","","Planariidae","",""
"Polycentropus","Genus","Arthropoda","Uniramia",NA,"Insecta","Pterygota","Neoptera","Holometabola","Trichoptera","Annulipalpia","","Hydropsychoidea","Polycentropodidae","Polycentropodinae",""
"Polypedilum","Genus","Arthropoda","Uniramia",NA,"Insecta","Pterygota","Neoptera","Holometabola","Diptera","Nematocera","","","Chironomidae","Chironominae","Chironomini"
"Polyplectropus","Genus","Arthropoda","Uniramia",NA,"Insecta","Pterygota","Neoptera","Holometabola","Trichoptera","Annulipalpia","","Hydropsychoidea","Polycentropodidae","Polycentropodinae",""
"Postelichus","Genus","Arthropoda","Uniramia",NA,"Insecta","Pterygota","Neoptera","Holometabola","Coleoptera","Polyphaga","","Dryopoidea","Dryopidae","",""
"Potamyia","Genus","Arthropoda","Uniramia",NA,"Insecta","Pterygota","Neoptera","Holometabola","Trichoptera","Annulipalpia","","Hydropsychoidea","Hydropsychidae","Hydropsychinae",""
"Potthastia","Genus","Arthropoda","Uniramia",NA,"Insecta","Pterygota","Neoptera","Holometabola","Diptera","Nematocera","","","Chironomidae","Diamesinae","Diamesini"
"Pristina","Genus","Annelida","Clitellata",NA,"Oligochaeta","","","","Tubificida","Tubificina","","Tubificoidea","Naididae","",""
"Probezzia","Genus","Arthropoda","Uniramia",NA,"Insecta","Pterygota","Neoptera","Holometabola","Diptera","Nematocera","","","Ceratopogonidae","Ceratopogoninae",""
"Procambarus","Genus","Arthropoda","Crustacea",NA,"Malacostraca","Eumalacostraca","","Eucarida","Decapoda","Pleocyemata","Astacidea","","Cambaridae","Cambarinae",""
"Procladius","Genus","Arthropoda","Uniramia",NA,"Insecta","Pterygota","Neoptera","Holometabola","Diptera","Nematocera","","","Chironomidae","Tanypodinae","Procladiini"
"Prodiamesa","Genus","Arthropoda","Uniramia",NA,"Insecta","Pterygota","Neoptera","Holometabola","Diptera","Nematocera","","","Chironomidae","Prodiamesinae",""
"Progomphus","Genus","Arthropoda","Uniramia",NA,"Insecta","Pterygota","Paleoptera","","Odonata","Anisoptera","","","Gomphidae","",""
"Promenetus","Genus","Mollusca","",NA,"Gastropoda","Pulmonata","","","Basommatophora","","","","Planorbidae","",""
"Promoresia","Genus","Arthropoda","Uniramia",NA,"Insecta","Pterygota","Neoptera","Holometabola","Coleoptera","Polyphaga","","Dryopoidea","Elmidae","",""
"Prostoia","Genus","Arthropoda","Uniramia",NA,"Insecta","Pterygota","Neoptera","Orthopterodea","Plecoptera","Euholognatha","","","Nemouridae","Nemourinae",""
"Prostoma","Genus","Nemertea","",NA,"Enopla","","","","Hoplonemertea","Monostilifera","","","Tetrastemmatidae","",""
"Protanyderus","Genus","Arthropoda","Uniramia",NA,"Insecta","Pterygota","Neoptera","Holometabola","Diptera","Nematocera","","","Tanyderidae","",""
"Protoplasa","Genus","Arthropoda","Uniramia",NA,"Insecta","Pterygota","Neoptera","Holometabola","Diptera","Nematocera","","","Tanyderidae","",""
"Protzia","Genus","Arthropoda","Chelicerata",NA,"Arachnida","Acari","","Acariformes","Trombidiformes","Prostigmata","Hydrachnidia","","Hydryphantidae","",""
"Psectrocladius","Genus","Arthropoda","Uniramia",NA,"Insecta","Pterygota","Neoptera","Holometabola","Diptera","Nematocera","","","Chironomidae","Orthocladiinae",""
"Psectrotanypus","Genus","Arthropoda","Uniramia",NA,"Insecta","Pterygota","Neoptera","Holometabola","Diptera","Nematocera","","","Chironomidae","Tanypodinae","Macropelopiini"
"Psephenus","Genus","Arthropoda","Uniramia",NA,"Insecta","Pterygota","Neoptera","Holometabola","Coleoptera","Polyphaga","","Dryopoidea","Psephenidae","",""
"Pseudiron","Genus","Arthropoda","Uniramia",NA,"Insecta","Pterygota","Paleoptera","","Ephemeroptera","Setisura","","","Pseudironidae","",""
"Pseudochironomus","Genus","Arthropoda","Uniramia",NA,"Insecta","Pterygota","Neoptera","Holometabola","Diptera","Nematocera","","","Chironomidae","Chironominae","Pseudochironomini"
"Pseudodiamesa","Genus","Arthropoda","Uniramia",NA,"Insecta","Pterygota","Neoptera","Holometabola","Diptera","Nematocera","","","Chironomidae","Diamesinae","Diamesini"
"Pseudorthocladius","Genus","Arthropoda","Uniramia",NA,"Insecta","Pterygota","Neoptera","Holometabola","Diptera","Nematocera","","","Chironomidae","Orthocladiinae",""
"Pseudosmittia","Genus","Arthropoda","Uniramia",NA,"Insecta","Pterygota","Neoptera","Holometabola","Diptera","Nematocera","","","Chironomidae","Orthocladiinae",""
"Pseudosuccinea","Genus","Mollusca","",NA,"Gastropoda","Pulmonata","","","Basommatophora","","","","Lymnaeidae","Lymnaeinae",""
"Psilotreta","Genus","Arthropoda","Uniramia",NA,"Insecta","Pterygota","Neoptera","Holometabola","Trichoptera","Integripalpia","","Leptoceroidea","Odontoceridae","Odontocerinae",""
"Psychoda","Genus","Arthropoda","Uniramia",NA,"Insecta","Pterygota","Neoptera","Holometabola","Diptera","Nematocera","","","Psychodidae","Psychodinae",""
"Psychoglypha","Genus","Arthropoda","Uniramia",NA,"Insecta","Pterygota","Neoptera","Holometabola","Trichoptera","Integripalpia","","Limnephiloidea","Limnephilidae","Limnephilinae",""
"Psychomyia","Genus","Arthropoda","Uniramia",NA,"Insecta","Pterygota","Neoptera","Holometabola","Trichoptera","Annulipalpia","","Hydropsychoidea","Psychomyiidae","Psychomyiinae",""
"Pteronarcella","Genus","Arthropoda","Uniramia",NA,"Insecta","Pterygota","Neoptera","Orthopterodea","Plecoptera","Systellognatha","","","Pteronarcyidae","Pteronarcyinae","Pteronarcellini"
"Pteronarcys","Genus","Arthropoda","Uniramia",NA,"Insecta","Pterygota","Neoptera","Orthopterodea","Plecoptera","Systellognatha","","","Pteronarcyidae","Pteronarcyinae","Pteronarcyini"
"Ptilostomis","Genus","Arthropoda","Uniramia",NA,"Insecta","Pterygota","Neoptera","Holometabola","Trichoptera","Integripalpia","","Phryganeoidea","Phryganeidae","Phryganeinae",""
"Ptychoptera","Genus","Arthropoda","Uniramia",NA,"Insecta","Pterygota","Neoptera","Holometabola","Diptera","Nematocera","","","Ptychopteridae","",""
"Pycnopsyche","Genus","Arthropoda","Uniramia",NA,"Insecta","Pterygota","Neoptera","Holometabola","Trichoptera","Integripalpia","","Limnephiloidea","Limnephilidae","Limnephilinae",""
"Quadrula","Genus","Mollusca","",NA,"Bivalvia","Lamellibranchia","","Eulamellibranchia","Paleoheterodonta","","","Unionacea","Unionidae","Ambleminae",""
"Quistadrilus","Genus","Annelida","Clitellata",NA,"Oligochaeta","","","","Tubificida","Tubificina","","Tubificoidea","Tubificidae","",""
"Radix","Genus","Mollusca","",NA,"Gastropoda","Pulmonata","","","Basommatophora","","","","Lymnaeidae","Lymnaeinae",""
"Radotanypus","Genus","Arthropoda","Uniramia",NA,"Insecta","Pterygota","Neoptera","Holometabola","Diptera","Nematocera","","","Chironomidae","Tanypodinae","Macropelopiini"
"Ramellogammarus","Genus","Arthropoda","Crustacea",NA,"Malacostraca","Eumalacostraca","","Peracarida","Amphipoda","Gammaridea","","","Anisogammaridae","",""
"Ranatra","Genus","Arthropoda","Uniramia",NA,"Insecta","Pterygota","Neoptera","Hemipteroidea","Hemiptera","Heteroptera","","","Nepidae","Ranatrinae",""
"Reomyia","Genus","Arthropoda","Uniramia",NA,"Insecta","Pterygota","Neoptera","Holometabola","Diptera","Nematocera","","","Chironomidae","Tanypodinae","Pentaneurini"
"Rhabdomastix","Genus","Arthropoda","Uniramia",NA,"Insecta","Pterygota","Neoptera","Holometabola","Diptera","Nematocera","","","Tipulidae","Limoniinae",""
"Rhagovelia","Genus","Arthropoda","Uniramia",NA,"Insecta","Pterygota","Neoptera","Hemipteroidea","Hemiptera","Heteroptera","","","Veliidae","Rhagoveliinae",""
"Rhantus","Genus","Arthropoda","Uniramia",NA,"Insecta","Pterygota","Neoptera","Holometabola","Coleoptera","Adephaga","","Caraboidea","Dytiscidae","Colymbetinae","Colymbetini"
"Rheocricotopus","Genus","Arthropoda","Uniramia",NA,"Insecta","Pterygota","Neoptera","Holometabola","Diptera","Nematocera","","","Chironomidae","Orthocladiinae",""
"Rheopelopia","Genus","Arthropoda","Uniramia",NA,"Insecta","Pterygota","Neoptera","Holometabola","Diptera","Nematocera","","","Chironomidae","Tanypodinae","Pentaneurini"
"Rheosmittia","Genus","Arthropoda","Uniramia",NA,"Insecta","Pterygota","Neoptera","Holometabola","Diptera","Nematocera","","","Chironomidae","Orthocladiinae",""
"Rheumatobates","Genus","Arthropoda","Uniramia",NA,"Insecta","Pterygota","Neoptera","Hemipteroidea","Hemiptera","Heteroptera","","","Gerridae","Rhagodotarsinae",""
"Rhizelmis","Genus","Arthropoda","Uniramia",NA,"Insecta","Pterygota","Neoptera","Holometabola","Coleoptera","Polyphaga","","Dryopoidea","Elmidae","",""
"Rhyacodrilus","Genus","Annelida","Clitellata",NA,"Oligochaeta","","","","Tubificida","Tubificina","","Tubificoidea","Tubificidae","",""
"Rhyacophila","Genus","Arthropoda","Uniramia",NA,"Insecta","Pterygota","Neoptera","Holometabola","Trichoptera","Spicipalpia","","","Rhyacophilidae","",""
"Robackia","Genus","Arthropoda","Uniramia",NA,"Insecta","Pterygota","Neoptera","Holometabola","Diptera","Nematocera","","","Chironomidae","Chironominae","Chironomini"
"Roederiodes","Genus","Arthropoda","Uniramia",NA,"Insecta","Pterygota","Neoptera","Holometabola","Diptera","Brachycera","","","Empididae","Clinocerinae",""
"Saetheria","Genus","Arthropoda","Uniramia",NA,"Insecta","Pterygota","Neoptera","Holometabola","Diptera","Nematocera","","","Chironomidae","Chironominae","Chironomini"
"Sepedon","Genus","Arthropoda","Uniramia",NA,"Insecta","Pterygota","Neoptera","Holometabola","Diptera","Brachycera","","","Sciomyzidae","",""
"Sergentia","Genus","Arthropoda","Uniramia",NA,"Insecta","Pterygota","Neoptera","Holometabola","Diptera","Nematocera","","","Chironomidae","Chironominae","Chironomini"
"Setodes","Genus","Arthropoda","Uniramia",NA,"Insecta","Pterygota","Neoptera","Holometabola","Trichoptera","Integripalpia","","Leptoceroidea","Leptoceridae","Leptocerinae",""
"Sialis","Genus","Arthropoda","Uniramia",NA,"Insecta","Pterygota","Neoptera","Holometabola","Megaloptera","","","","Sialidae","",""
"Sigara","Genus","Arthropoda","Uniramia",NA,"Insecta","Pterygota","Neoptera","Hemipteroidea","Hemiptera","Heteroptera","","","Corixidae","Corixinae","Corixini"
"Simulium","Genus","Arthropoda","Uniramia",NA,"Insecta","Pterygota","Neoptera","Holometabola","Diptera","Nematocera","","","Simuliidae","",""
"Siphlonurus","Genus","Arthropoda","Uniramia",NA,"Insecta","Pterygota","Paleoptera","","Ephemeroptera","Pisciforma","","","Siphlonuridae","",""
"Sisyra","Genus","Arthropoda","Uniramia",NA,"Insecta","Pterygota","Neoptera","Holometabola","Neuroptera","","","","Sisyridae","",""
"Skwala","Genus","Arthropoda","Uniramia",NA,"Insecta","Pterygota","Neoptera","Orthopterodea","Plecoptera","Systellognatha","","","Perlodidae","Perlodinae","Arcynopterygini"
"Slavina","Genus","Annelida","Clitellata",NA,"Oligochaeta","","","","Tubificida","Tubificina","","Tubificoidea","Naididae","",""
"Smicridea","Genus","Arthropoda","Uniramia",NA,"Insecta","Pterygota","Neoptera","Holometabola","Trichoptera","Annulipalpia","","Hydropsychoidea","Hydropsychidae","Smicrideinae",""
"Smittia","Genus","Arthropoda","Uniramia",NA,"Insecta","Pterygota","Neoptera","Holometabola","Diptera","Nematocera","","","Chironomidae","Orthocladiinae",""
"Soliperla","Genus","Arthropoda","Uniramia",NA,"Insecta","Pterygota","Neoptera","Orthopterodea","Plecoptera","Systellognatha","","","Peltoperlidae","Peltoperlinae",""
"Somatochlora","Genus","Arthropoda","Uniramia",NA,"Insecta","Pterygota","Paleoptera","","Odonata","Anisoptera","","","Corduliidae","",""
"Sperchon.Sperchonopsis","Neither","Arthropoda","Chelicerata",NA,"Arachnida","Acari","","Acariformes","Trombidiformes","Prostigmata","Hydrachnidia","","Sperchontidae","",""
"Sperchopsis","Genus","Arthropoda","Uniramia",NA,"Insecta","Pterygota","Neoptera","Holometabola","Coleoptera","Polyphaga","","Hydrophiloidea","Hydrophilidae","",""
"Sphaerium","Genus","Mollusca","",NA,"Bivalvia","Lamellibranchia","","Eulamellibranchia","Veneroida","","","Corbiculoidea","Sphaeriidae","Sphaeriinae",""
"Sphaeromias","Genus","Arthropoda","Uniramia",NA,"Insecta","Pterygota","Neoptera","Holometabola","Diptera","Nematocera","","","Ceratopogonidae","Ceratopogoninae",""
"Spirosperma","Genus","Annelida","Clitellata",NA,"Oligochaeta","","","","Tubificida","Tubificina","","Tubificoidea","Tubificidae","",""
"Stactobiella","Genus","Arthropoda","Uniramia",NA,"Insecta","Pterygota","Neoptera","Holometabola","Trichoptera","Spicipalpia","","","Hydroptilidae","Hydroptilinae",""
"Stempellinella.Zavrelia","Neither","Arthropoda","Uniramia",NA,"Insecta","Pterygota","Neoptera","Holometabola","Diptera","Nematocera","","","Chironomidae","Chironominae","Tanytarsini"
"Stenelmis","Genus","Arthropoda","Uniramia",NA,"Insecta","Pterygota","Neoptera","Holometabola","Coleoptera","Polyphaga","","Dryopoidea","Elmidae","",""
"Stenochironomus.Xestochironomus","Neither","Arthropoda","Uniramia",NA,"Insecta","Pterygota","Neoptera","Holometabola","Diptera","Nematocera","","","Chironomidae","Chironominae","Chironomini"
"Stenocolus","Genus","Arthropoda","Uniramia",NA,"Insecta","Pterygota","Neoptera","Holometabola","Coleoptera","Polyphaga","","Dryopoidea","Eulichadidae","",""
"Stenus","Genus","Arthropoda","Uniramia",NA,"Insecta","Pterygota","Neoptera","Holometabola","Coleoptera","Polyphaga","","Staphylinoidea","Staphylinidae","Steninae",""
"Stictochironomus","Genus","Arthropoda","Uniramia",NA,"Insecta","Pterygota","Neoptera","Holometabola","Diptera","Nematocera","","","Chironomidae","Chironominae","Chironomini"
"Stilocladius","Genus","Arthropoda","Uniramia",NA,"Insecta","Pterygota","Neoptera","Holometabola","Diptera","Nematocera","","","Chironomidae","Orthocladiinae",""
"Stratiomys","Genus","Arthropoda","Uniramia",NA,"Insecta","Pterygota","Neoptera","Holometabola","Diptera","Brachycera","","","Stratiomyidae","Stratiomyinae",""
"Stygobromus","Genus","Arthropoda","Crustacea",NA,"Malacostraca","Eumalacostraca","","Peracarida","Amphipoda","Gammaridea","","","Crangonyctidae","",""
"Stygothrombium","Genus","Arthropoda","Chelicerata",NA,"Arachnida","Acari","","Acariformes","Trombidiformes","Prostigmata","Hydrachnidia","","Stygothrombidiidae","",""
"Stylaria","Genus","Annelida","Clitellata",NA,"Oligochaeta","","","","Tubificida","Tubificina","","Tubificoidea","Naididae","",""
"Stylogomphus","Genus","Arthropoda","Uniramia",NA,"Insecta","Pterygota","Paleoptera","","Odonata","Anisoptera","","","Gomphidae","",""
"Stylurus","Genus","Arthropoda","Uniramia",NA,"Insecta","Pterygota","Paleoptera","","Odonata","Anisoptera","","","Gomphidae","",""
"Suphisellus","Genus","Arthropoda","Uniramia",NA,"Insecta","Pterygota","Neoptera","Holometabola","Coleoptera","Adephaga","","Caraboidea","Noteridae","",""
"Suwallia","Genus","Arthropoda","Uniramia",NA,"Insecta","Pterygota","Neoptera","Orthopterodea","Plecoptera","Systellognatha","","","Chloroperlidae","Chloroperlinae",""
"Sweltsa","Genus","Arthropoda","Uniramia",NA,"Insecta","Pterygota","Neoptera","Orthopterodea","Plecoptera","Systellognatha","","","Chloroperlidae","Chloroperlinae",""
"Symbiocladius","Genus","Arthropoda","Uniramia",NA,"Insecta","Pterygota","Neoptera","Holometabola","Diptera","Nematocera","","","Chironomidae","Orthocladiinae",""
"Sympotthastia","Genus","Arthropoda","Uniramia",NA,"Insecta","Pterygota","Neoptera","Holometabola","Diptera","Nematocera","","","Chironomidae","Diamesinae","Diamesini"
"Syndiamesa","Genus","Arthropoda","Uniramia",NA,"Insecta","Pterygota","Neoptera","Holometabola","Diptera","Nematocera","","","Chironomidae","Diamesinae","Diamesini"
"Synendotendipes","Genus","Arthropoda","Uniramia",NA,"Insecta","Pterygota","Neoptera","Holometabola","Diptera","Nematocera","","","Chironomidae","Chironominae","Chironomini"
"Synorthocladius","Genus","Arthropoda","Uniramia",NA,"Insecta","Pterygota","Neoptera","Holometabola","Diptera","Nematocera","","","Chironomidae","Orthocladiinae",""
"Synurella","Genus","Arthropoda","Crustacea",NA,"Malacostraca","Eumalacostraca","","Peracarida","Amphipoda","Gammaridea","","","Crangonyctidae","",""
"Tabanus","Genus","Arthropoda","Uniramia",NA,"Insecta","Pterygota","Neoptera","Holometabola","Diptera","Brachycera","","","Tabanidae","",""
"Taenionema","Genus","Arthropoda","Uniramia",NA,"Insecta","Pterygota","Neoptera","Orthopterodea","Plecoptera","Euholognatha","","","Taeniopterygidae","Brachypteryinae",""
"Taeniopteryx","Genus","Arthropoda","Uniramia",NA,"Insecta","Pterygota","Neoptera","Orthopterodea","Plecoptera","Euholognatha","","","Taeniopterygidae","Taeniopteryginae",""
"Tallaperla","Genus","Arthropoda","Uniramia",NA,"Insecta","Pterygota","Neoptera","Orthopterodea","Plecoptera","Systellognatha","","","Peltoperlidae","Peltoperlinae",""
"Tanypus","Genus","Arthropoda","Uniramia",NA,"Insecta","Pterygota","Neoptera","Holometabola","Diptera","Nematocera","","","Chironomidae","Tanypodinae","Tanypodini"
"Taphromysis","Genus","Arthropoda","Crustacea",NA,"Malacostraca","Eumalacostraca","","Peracarida","Mysida","","","","Mysidae","",""
"Telmatodrilus","Genus","Annelida","Clitellata",NA,"Oligochaeta","","","","Tubificida","Tubificina","","Tubificoidea","Tubificidae","",""
"Telopelopia","Genus","Arthropoda","Uniramia",NA,"Insecta","Pterygota","Neoptera","Holometabola","Diptera","Nematocera","","","Chironomidae","Tanypodinae","Pentaneurini"
"Testudacarus.Torrenticola","Neither","Arthropoda","Chelicerata",NA,"Arachnida","Acari","","Acariformes","Trombidiformes","Prostigmata","Hydrachnidia","","Torrenticolidae","",""
"Thermonectus","Genus","Arthropoda","Uniramia",NA,"Insecta","Pterygota","Neoptera","Holometabola","Coleoptera","Adephaga","","Caraboidea","Dytiscidae","Dytiscinae","Thermonectini"
"Theromyzon","Genus","Annelida","Clitellata",NA,"Hirudinea","","","","Rhynchobdellida","","","","Glossiphoniidae","",""
"Thienemannimyia","Genus","Arthropoda","Uniramia",NA,"Insecta","Pterygota","Neoptera","Holometabola","Diptera","Nematocera","","","Chironomidae","Tanypodinae","Pentaneurini"
"Thraulodes","Genus","Arthropoda","Uniramia",NA,"Insecta","Pterygota","Paleoptera","","Ephemeroptera","Furcatergalia","Lanceolata","","Leptophlebiidae","",""
"Tinodes","Genus","Arthropoda","Uniramia",NA,"Insecta","Pterygota","Neoptera","Holometabola","Trichoptera","Annulipalpia","","Hydropsychoidea","Psychomyiidae","Psychomyiinae",""
"Tipula","Genus","Arthropoda","Uniramia",NA,"Insecta","Pterygota","Neoptera","Holometabola","Diptera","Nematocera","","","Tipulidae","Tipulinae",""
"Tokunagaia","Genus","Arthropoda","Uniramia",NA,"Insecta","Pterygota","Neoptera","Holometabola","Diptera","Nematocera","","","Chironomidae","Orthocladiinae",""
"Traverella","Genus","Arthropoda","Uniramia",NA,"Insecta","Pterygota","Paleoptera","","Ephemeroptera","Furcatergalia","Lanceolata","","Leptophlebiidae","",""
"Triaenodes.Ylodes","Neither","Arthropoda","Uniramia",NA,"Insecta","Pterygota","Neoptera","Holometabola","Trichoptera","Integripalpia","","Leptoceroidea","Leptoceridae","Leptocerinae",""
"Trichocorixa","Genus","Arthropoda","Uniramia",NA,"Insecta","Pterygota","Neoptera","Hemipteroidea","Hemiptera","Heteroptera","","","Corixidae","Corixinae","Corixini"
"Trissopelopia","Genus","Arthropoda","Uniramia",NA,"Insecta","Pterygota","Neoptera","Holometabola","Diptera","Nematocera","","","Chironomidae","Tanypodinae","Pentaneurini"
"Triznaka","Genus","Arthropoda","Uniramia",NA,"Insecta","Pterygota","Neoptera","Orthopterodea","Plecoptera","Systellognatha","","","Chloroperlidae","Chloroperlinae",""
"Tropisternus","Genus","Arthropoda","Uniramia",NA,"Insecta","Pterygota","Neoptera","Holometabola","Coleoptera","Polyphaga","","Hydrophiloidea","Hydrophilidae","",""
"Tubifex","Genus","Annelida","Clitellata",NA,"Oligochaeta","","","","Tubificida","Tubificina","","Tubificoidea","Tubificidae","",""
"Unionicola","Genus","Arthropoda","Chelicerata",NA,"Arachnida","Acari","","Acariformes","Trombidiformes","Prostigmata","Hydrachnidia","","Unionicolidae","",""
"Unniella","Genus","Arthropoda","Uniramia",NA,"Insecta","Pterygota","Neoptera","Holometabola","Diptera","Nematocera","","","Chironomidae","Orthocladiinae",""
"Uvarus","Genus","Arthropoda","Uniramia",NA,"Insecta","Pterygota","Neoptera","Holometabola","Coleoptera","Adephaga","","Caraboidea","Dytiscidae","Hydroporinae","Bidessini"
"Valvata","Genus","Mollusca","",NA,"Gastropoda","Prosobranchia","","","Mesogastropoda","","","Valvatoidea","Valvatidae","",""
"Vejdovskyella","Genus","Annelida","Clitellata",NA,"Oligochaeta","","","","Tubificida","Tubificina","","Tubificoidea","Naididae","",""
"Visoka","Genus","Arthropoda","Uniramia",NA,"Insecta","Pterygota","Neoptera","Orthopterodea","Plecoptera","Euholognatha","","","Nemouridae","Nemourinae",""
"Viviparus","Genus","Mollusca","",NA,"Gastropoda","Prosobranchia","","","Mesogastropoda","","","Ampullarioidea","Viviparidae","",""
"Vorticifex","Genus","Mollusca","",NA,"Gastropoda","Pulmonata","","","Basommatophora","","","","Planorbidae","",""
"Wandesia","Genus","Arthropoda","Chelicerata",NA,"Arachnida","Acari","","Acariformes","Trombidiformes","Prostigmata","Hydrachnidia","","Hydryphantidae","",""
"Wiedemannia","Genus","Arthropoda","Uniramia",NA,"Insecta","Pterygota","Neoptera","Holometabola","Diptera","Brachycera","","","Empididae","Clinocerinae",""
"Wormaldia","Genus","Arthropoda","Uniramia",NA,"Insecta","Pterygota","Neoptera","Holometabola","Trichoptera","Annulipalpia","","Philopotamoidea","Philopotamidae","Philopotaminae",""
"Xenochironomus","Genus","Arthropoda","Uniramia",NA,"Insecta","Pterygota","Neoptera","Holometabola","Diptera","Nematocera","","","Chironomidae","Chironominae","Chironomini"
"Xylotopus","Genus","Arthropoda","Uniramia",NA,"Insecta","Pterygota","Neoptera","Holometabola","Diptera","Nematocera","","","Chironomidae","Orthocladiinae",""
"Yoraperla","Genus","Arthropoda","Uniramia",NA,"Insecta","Pterygota","Neoptera","Orthopterodea","Plecoptera","Systellognatha","","","Peltoperlidae","Peltoperlinae",""
"Zaitzevia","Genus","Arthropoda","Uniramia",NA,"Insecta","Pterygota","Neoptera","Holometabola","Coleoptera","Polyphaga","","Dryopoidea","Elmidae","",""
"Zalutschia","Genus","Arthropoda","Uniramia",NA,"Insecta","Pterygota","Neoptera","Holometabola","Diptera","Nematocera","","","Chironomidae","Orthocladiinae",""
"Zapada","Genus","Arthropoda","Uniramia",NA,"Insecta","Pterygota","Neoptera","Orthopterodea","Plecoptera","Euholognatha","","","Nemouridae","Nemourinae",""
"Zavreliella","Genus","Arthropoda","Uniramia",NA,"Insecta","Pterygota","Neoptera","Holometabola","Diptera","Nematocera","","","Chironomidae","Chironominae","Chironomini"
